date,ths_close,site_qfq_close,site_raw_close,diff
2019-12-27,0.606,0.606,1.041,0.0
2019-12-30,0.617,0.617,1.052,0.0
2019-12-31,0.625,0.625,1.06,0.0
2020-01-02,0.639,0.639,1.074,0.0
2020-01-03,0.638,0.638,1.073,0.0
2020-01-06,0.635,0.635,1.07,0.0
2020-01-07,0.642,0.642,1.077,0.0
2020-01-08,0.631,0.631,1.066,0.0
2020-01-09,0.644,0.644,1.079,0.0
2020-01-10,0.64,0.64,1.075,0.0
2020-01-13,0.648,0.648,1.083,0.0
2020-01-14,0.648,0.648,1.083,0.0
2020-01-15,0.644,0.644,1.079,0.0
2020-01-16,0.639,0.639,1.074,0.0
2020-01-17,0.64,0.64,1.075,0.0
2020-01-20,0.641,0.641,1.076,0.0
2020-01-21,0.623,0.623,1.058,0.0
2020-01-22,0.625,0.625,1.06,0.0
2020-01-23,0.605,0.605,1.04,0.0
2020-02-03,0.505,0.505,0.94,0.0
2020-02-04,0.532,0.532,0.967,0.0
2020-02-05,0.54,0.54,0.975,0.0
2020-02-06,0.553,0.553,0.988,0.0
2020-02-07,0.553,0.553,0.988,0.0
2020-02-10,0.568,0.568,1.003,0.0
2020-02-11,0.574,0.574,1.009,0.0
2020-02-12,0.578,0.578,1.013,0.0
2020-02-13,0.573,0.573,1.008,0.0
2020-02-14,0.578,0.578,1.013,0.0
2020-02-17,0.601,0.601,1.036,0.0
2020-02-18,0.602,0.602,1.037,0.0
2020-02-19,0.596,0.596,1.031,0.0
2020-02-20,0.611,0.611,1.046,0.0
2020-02-21,0.615,0.615,1.05,0.0
2020-02-24,0.607,0.607,1.042,0.0
2020-02-25,0.596,0.596,1.031,0.0
2020-02-26,0.598,0.598,1.033,0.0
2020-02-27,0.6,0.6,1.035,0.0
2020-02-28,0.573,0.573,1.008,0.0
2020-03-02,0.609,0.609,1.044,0.0
2020-03-03,0.609,0.609,1.044,0.0
2020-03-04,0.622,0.622,1.057,0.0
2020-03-05,0.636,0.636,1.071,0.0
2020-03-06,0.624,0.624,1.059,0.0
2020-03-09,0.593,0.593,1.028,0.0
2020-03-10,0.613,0.613,1.048,0.0
2020-03-11,0.601,0.601,1.036,0.0
2020-03-12,0.586,0.586,1.021,0.0
2020-03-13,0.568,0.568,1.003,0.0
2020-03-16,0.538,0.538,0.973,0.0
2020-03-17,0.534,0.534,0.969,0.0
2020-03-18,0.523,0.523,0.958,0.0
2020-03-19,0.514,0.514,0.949,0.0
2020-03-20,0.527,0.527,0.962,0.0
2020-03-23,0.498,0.498,0.933,0.0
2020-03-24,0.521,0.521,0.956,0.0
2020-03-25,0.54,0.54,0.975,0.0
2020-03-26,0.531,0.531,0.966,0.0
2020-03-27,0.537,0.537,0.972,0.0
2020-03-30,0.525,0.525,0.96,0.0
2020-03-31,0.525,0.525,0.96,0.0
2020-04-01,0.518,0.518,0.953,0.0
2020-04-02,0.531,0.531,0.966,0.0
2020-04-03,0.524,0.524,0.959,0.0
2020-04-07,0.543,0.543,0.978,0.0
2020-04-08,0.544,0.544,0.979,0.0
2020-04-09,0.547,0.547,0.982,0.0
2020-04-10,0.538,0.538,0.973,0.0
2020-04-13,0.535,0.535,0.97,0.0
2020-04-14,0.547,0.547,0.982,0.0
2020-04-15,0.542,0.542,0.977,0.0
2020-04-16,0.538,0.538,0.973,0.0
2020-04-17,0.543,0.543,0.978,0.0
2020-04-20,0.547,0.547,0.982,0.0
2020-04-21,0.542,0.542,0.977,0.0
2020-04-22,0.545,0.545,0.98,0.0
2020-04-23,0.543,0.543,0.978,0.0
2020-04-24,0.537,0.537,0.972,0.0
2020-04-27,0.544,0.544,0.979,0.0
2020-04-28,0.539,0.539,0.974,0.0
2020-04-29,0.547,0.547,0.982,0.0
2020-04-30,0.559,0.559,0.994,0.0
2020-05-06,0.559,0.559,0.994,0.0
2020-05-07,0.56,0.56,0.995,0.0
2020-05-08,0.567,0.567,1.002,0.0
2020-05-11,0.571,0.571,1.006,0.0
2020-05-12,0.57,0.57,1.005,0.0
2020-05-13,0.571,0.571,1.006,0.0
2020-05-14,0.562,0.562,0.997,0.0
2020-05-15,0.557,0.557,0.992,0.0
2020-05-18,0.559,0.559,0.994,0.0
2020-05-19,0.566,0.566,1.001,0.0
2020-05-20,0.559,0.559,0.994,0.0
2020-05-21,0.554,0.554,0.989,0.0
2020-05-22,0.54,0.54,0.975,0.0
2020-05-25,0.543,0.543,0.978,0.0
2020-05-26,0.552,0.552,0.987,0.0
2020-05-27,0.554,0.554,0.989,0.0
2020-05-28,0.553,0.553,0.988,0.0
2020-05-29,0.551,0.551,0.986,0.0
2020-06-01,0.57,0.57,1.005,0.0
2020-06-02,0.574,0.574,1.009,0.0
2020-06-03,0.575,0.575,1.01,0.0
2020-06-04,0.577,0.577,1.012,0.0
2020-06-05,0.575,0.575,1.01,0.0
2020-06-08,0.576,0.576,1.011,0.0
2020-06-09,0.581,0.581,1.016,0.0
2020-06-10,0.578,0.578,1.013,0.0
2020-06-11,0.57,0.57,1.005,0.0
2020-06-12,0.57,0.57,1.005,0.0
2020-06-15,0.563,0.563,0.998,0.0
2020-06-16,0.581,0.581,1.016,0.0
2020-06-17,0.582,0.582,1.017,0.0
2020-06-18,0.593,0.593,1.028,0.0
2020-06-19,0.595,0.595,1.03,0.0
2020-06-22,0.591,0.591,1.026,0.0
2020-06-23,0.593,0.593,1.028,0.0
2020-06-24,0.596,0.596,1.031,0.0
2020-06-29,0.59,0.59,1.025,0.0
2020-06-30,0.6,0.6,1.035,0.0
2020-07-01,0.618,0.618,1.053,0.0
2020-07-02,0.641,0.641,1.076,0.0
2020-07-03,0.654,0.654,1.089,0.0
2020-07-06,0.719,0.719,1.154,0.0
2020-07-07,0.706,0.706,1.141,0.0
2020-07-08,0.724,0.724,1.159,0.0
2020-07-09,0.738,0.738,1.173,0.0
2020-07-10,0.717,0.717,1.152,0.0
2020-07-13,0.753,0.753,1.188,0.0
2020-07-14,0.749,0.749,1.184,0.0
2020-07-15,0.735,0.735,1.17,0.0
2020-07-16,0.707,0.707,1.142,0.0
2020-07-17,0.722,0.722,1.157,0.0
2020-07-20,0.775,0.775,1.21,0.0
2020-07-21,0.778,0.778,1.213,0.0
2020-07-22,0.776,0.776,1.211,0.0
2020-07-23,0.765,0.765,1.2,0.0
2020-07-24,0.722,0.722,1.157,0.0
2020-07-27,0.72,0.72,1.155,0.0
2020-07-28,0.728,0.728,1.163,0.0
2020-07-29,0.748,0.748,1.183,0.0
2020-07-30,0.746,0.746,1.181,0.0
2020-07-31,0.759,0.759,1.194,0.0
2020-08-03,0.781,0.781,1.216,0.0
2020-08-04,0.786,0.786,1.221,0.0
2020-08-05,0.785,0.785,1.22,0.0
2020-08-06,0.787,0.787,1.222,0.0
2020-08-07,0.782,0.782,1.217,0.0
2020-08-10,0.799,0.799,1.234,0.0
2020-08-11,0.788,0.788,1.223,0.0
2020-08-12,0.785,0.785,1.22,0.0
2020-08-13,0.787,0.787,1.222,0.0
2020-08-14,0.797,0.797,1.232,0.0
2020-08-17,0.822,0.822,1.257,0.0
2020-08-18,0.825,0.825,1.26,0.0
2020-08-19,0.824,0.824,1.259,0.0
2020-08-20,0.804,0.804,1.239,0.0
2020-08-21,0.804,0.804,1.239,0.0
2020-08-24,0.814,0.814,1.249,0.0
2020-08-25,0.811,0.811,1.246,0.0
2020-08-26,0.795,0.795,1.23,0.0
2020-08-27,0.799,0.799,1.234,0.0
2020-08-28,0.823,0.823,1.258,0.0
2020-08-31,0.818,0.818,1.253,0.0
2020-09-01,0.82,0.82,1.255,0.0
2020-09-02,0.823,0.823,1.258,0.0
2020-09-03,0.821,0.821,1.256,0.0
2020-09-04,0.818,0.818,1.253,0.0
2020-09-07,0.804,0.804,1.239,0.0
2020-09-08,0.812,0.812,1.247,0.0
2020-09-09,0.793,0.793,1.228,0.0
2020-09-10,0.781,0.781,1.216,0.0
2020-09-11,0.787,0.787,1.222,0.0
2020-09-14,0.793,0.793,1.228,0.0
2020-09-15,0.798,0.798,1.233,0.0
2020-09-16,0.799,0.799,1.234,0.0
2020-09-17,0.806,0.806,1.241,0.0
2020-09-18,0.827,0.827,1.262,0.0
2020-09-21,0.819,0.819,1.254,0.0
2020-09-22,0.803,0.803,1.238,0.0
2020-09-23,0.804,0.804,1.239,0.0
2020-09-24,0.784,0.784,1.219,0.0
2020-09-25,0.777,0.777,1.212,0.0
2020-09-28,0.776,0.776,1.211,0.0
2020-09-29,0.78,0.78,1.215,0.0
2020-09-30,0.774,0.774,1.209,0.0
2020-10-09,0.802,0.802,1.237,0.0
2020-10-12,0.832,0.832,1.267,0.0
2020-10-13,0.835,0.835,1.27,0.0
2020-10-14,0.835,0.835,1.27,0.0
2020-10-15,0.832,0.832,1.267,0.0
2020-10-16,0.836,0.836,1.271,0.0
2020-10-19,0.829,0.829,1.264,0.0
2020-10-20,0.829,0.829,1.264,0.0
2020-10-21,0.826,0.826,1.261,0.0
2020-10-22,0.816,0.816,1.251,0.0
2020-10-23,0.809,0.809,1.244,0.0
2020-10-26,0.809,0.809,1.244,0.0
2020-10-27,0.806,0.806,1.241,0.0
2020-10-28,0.807,0.807,1.242,0.0
2020-10-29,0.816,0.816,1.251,0.0
2020-10-30,0.801,0.801,1.236,0.0
2020-11-02,0.81,0.81,1.245,0.0
2020-11-03,0.826,0.826,1.261,0.0
2020-11-04,0.833,0.833,1.268,0.0
2020-11-05,0.853,0.853,1.288,0.0
2020-11-06,0.857,0.857,1.292,0.0
2020-11-09,0.88,0.88,1.315,0.0
2020-11-10,0.874,0.874,1.309,0.0
2020-11-11,0.882,0.882,1.317,0.0
2020-11-12,0.889,0.889,1.324,0.0
2020-11-13,0.882,0.882,1.317,0.0
2020-11-16,0.909,0.909,1.344,0.0
2020-11-17,0.92,0.92,1.355,0.0
2020-11-18,0.924,0.924,1.359,0.0
2020-11-19,0.92,0.92,1.355,0.0
2020-11-20,0.927,0.927,1.362,0.0
2020-11-23,0.948,0.948,1.383,0.0
2020-11-24,0.942,0.942,1.377,0.0
2020-11-25,0.927,0.927,1.362,0.0
2020-11-26,0.919,0.919,1.354,0.0
2020-11-27,0.927,0.927,1.362,0.0
2020-11-30,0.914,0.914,1.289,0.0
2020-12-01,0.927,0.927,1.302,0.0
2020-12-02,0.933,0.933,1.308,0.0
2020-12-03,0.925,0.925,1.3,0.0
2020-12-04,0.921,0.921,1.296,0.0
2020-12-07,0.909,0.909,1.284,0.0
2020-12-08,0.906,0.906,1.281,0.0
2020-12-09,0.89,0.89,1.265,0.0
2020-12-10,0.892,0.892,1.267,0.0
2020-12-11,0.877,0.877,1.252,0.0
2020-12-14,0.879,0.879,1.254,0.0
2020-12-15,0.872,0.872,1.247,0.0
2020-12-16,0.867,0.867,1.242,0.0
2020-12-17,0.883,0.883,1.258,0.0
2020-12-18,0.887,0.887,1.262,0.0
2020-12-21,0.89,0.89,1.265,0.0
2020-12-22,0.864,0.864,1.239,0.0
2020-12-23,0.864,0.864,1.239,0.0
2020-12-24,0.853,0.853,1.228,0.0
2020-12-25,0.863,0.863,1.238,0.0
2020-12-28,0.854,0.854,1.229,0.0
2020-12-29,0.843,0.843,1.218,0.0
2020-12-30,0.847,0.847,1.222,0.0
2020-12-31,0.857,0.857,1.232,0.0
2021-01-04,0.865,0.865,1.24,0.0
2021-01-05,0.867,0.867,1.242,0.0
2021-01-06,0.872,0.872,1.247,0.0
2021-01-07,0.862,0.862,1.237,0.0
2021-01-08,0.868,0.868,1.243,0.0
2021-01-11,0.856,0.856,1.231,0.0
2021-01-12,0.862,0.862,1.237,0.0
2021-01-13,0.862,0.862,1.237,0.0
2021-01-14,0.858,0.858,1.233,0.0
2021-01-15,0.865,0.865,1.24,0.0
2021-01-18,0.874,0.874,1.249,0.0
2021-01-19,0.885,0.885,1.26,0.0
2021-01-20,0.881,0.881,1.256,0.0
2021-01-21,0.885,0.885,1.26,0.0
2021-01-22,0.872,0.872,1.247,0.0
2021-01-25,0.854,0.854,1.229,0.0
2021-01-26,0.848,0.848,1.223,0.0
2021-01-27,0.852,0.852,1.227,0.0
2021-01-28,0.832,0.832,1.207,0.0
2021-01-29,0.827,0.827,1.202,0.0
2021-02-01,0.836,0.836,1.211,0.0
2021-02-02,0.844,0.844,1.219,0.0
2021-02-03,0.836,0.836,1.211,0.0
2021-02-04,0.828,0.828,1.203,0.0
2021-02-05,0.83,0.83,1.205,0.0
2021-02-08,0.84,0.84,1.215,0.0
2021-02-09,0.855,0.855,1.23,0.0
2021-02-10,0.865,0.865,1.24,0.0
2021-02-18,0.897,0.897,1.272,0.0
2021-02-19,0.921,0.921,1.296,0.0
2021-02-22,0.935,0.935,1.31,0.0
2021-02-23,0.923,0.923,1.298,0.0
2021-02-24,0.905,0.905,1.28,0.0
2021-02-25,0.926,0.926,1.301,0.0
2021-02-26,0.901,0.901,1.276,0.0
2021-03-01,0.929,0.929,1.304,0.0
2021-03-02,0.914,0.914,1.289,0.0
2021-03-03,0.945,0.945,1.32,0.0
2021-03-04,0.937,0.937,1.312,0.0
2021-03-05,0.93,0.93,1.305,0.0
2021-03-08,0.918,0.918,1.293,0.0
2021-03-09,0.909,0.909,1.284,0.0
2021-03-10,0.899,0.899,1.274,0.0
2021-03-11,0.93,0.93,1.305,0.0
2021-03-12,0.94,0.94,1.315,0.0
2021-03-15,0.946,0.946,1.321,0.0
2021-03-16,0.953,0.953,1.328,0.0
2021-03-17,0.947,0.947,1.322,0.0
2021-03-18,0.95,0.95,1.325,0.0
2021-03-19,0.939,0.939,1.314,0.0
2021-03-22,0.954,0.954,1.329,0.0
2021-03-23,0.938,0.938,1.313,0.0
2021-03-24,0.92,0.92,1.295,0.0
2021-03-25,0.916,0.916,1.291,0.0
2021-03-26,0.931,0.931,1.306,0.0
2021-03-29,0.944,0.944,1.319,0.0
2021-03-30,0.941,0.941,1.316,0.0
2021-03-31,0.939,0.939,1.314,0.0
2021-04-01,0.95,0.95,1.325,0.0
2021-04-02,0.939,0.939,1.314,0.0
2021-04-06,0.95,0.95,1.325,0.0
2021-04-07,0.957,0.957,1.332,0.0
2021-04-08,0.956,0.956,1.331,0.0
2021-04-09,0.959,0.959,1.334,0.0
2021-04-12,0.962,0.962,1.337,0.0
2021-04-13,0.943,0.943,1.318,0.0
2021-04-14,0.953,0.953,1.328,0.0
2021-04-15,0.953,0.953,1.328,0.0
2021-04-16,0.971,0.971,1.346,0.0
2021-04-19,0.98,0.98,1.355,0.0
2021-04-20,0.98,0.98,1.355,0.0
2021-04-21,0.977,0.977,1.352,0.0
2021-04-22,0.984,0.984,1.359,0.0
2021-04-23,0.979,0.979,1.354,0.0
2021-04-26,0.971,0.971,1.346,0.0
2021-04-27,0.971,0.971,1.346,0.0
2021-04-28,0.977,0.977,1.352,0.0
2021-04-29,0.989,0.989,1.364,0.0
2021-04-30,0.984,0.984,1.359,0.0
2021-05-06,1.002,1.002,1.377,0.0
2021-05-07,1.007,1.007,1.382,0.0
2021-05-10,1.017,1.017,1.392,0.0
2021-05-11,1.005,1.005,1.38,0.0
2021-05-12,1.017,1.017,1.392,0.0
2021-05-13,1.004,1.004,1.379,0.0
2021-05-14,1.01,1.01,1.385,0.0
2021-05-17,1.008,1.008,1.383,0.0
2021-05-18,1.015,1.015,1.39,0.0
2021-05-19,1.016,1.016,1.391,0.0
2021-05-20,1,1.0,1.375,0.0
2021-05-21,1.006,1.006,1.381,0.0
2021-05-24,1.013,1.013,1.388,0.0
2021-05-25,1.033,1.033,1.408,0.0
2021-05-26,1.041,1.041,1.416,0.0
2021-05-27,1.053,1.053,1.428,0.0
2021-05-28,1.057,1.057,1.432,0.0
2021-05-31,1.067,1.067,1.442,0.0
2021-06-01,1.078,1.078,1.453,0.0
2021-06-02,1.069,1.069,1.444,0.0
2021-06-03,1.072,1.072,1.447,0.0
2021-06-04,1.069,1.069,1.444,0.0
2021-06-07,1.065,1.065,1.44,0.0
2021-06-08,1.056,1.056,1.431,0.0
2021-06-09,1.063,1.063,1.438,0.0
2021-06-10,1.066,1.066,1.441,0.0
2021-06-11,1.061,1.061,1.436,0.0
2021-06-15,1.053,1.053,1.428,0.0
2021-06-16,1.029,1.029,1.404,0.0
2021-06-17,1.031,1.031,1.406,0.0
2021-06-18,1.032,1.032,1.377,0.0
2021-06-21,1.035,1.035,1.38,0.0
2021-06-22,1.056,1.056,1.401,0.0
2021-06-23,1.073,1.073,1.418,0.0
2021-06-24,1.072,1.072,1.417,0.0
2021-06-25,1.077,1.077,1.422,0.0
2021-06-28,1.067,1.067,1.412,0.0
2021-06-29,1.068,1.068,1.413,0.0
2021-06-30,1.073,1.073,1.418,0.0
2021-07-01,1.067,1.067,1.412,0.0
2021-07-02,1.057,1.057,1.402,0.0
2021-07-05,1.057,1.057,1.402,0.0
2021-07-06,1.059,1.059,1.404,0.0
2021-07-07,1.06,1.06,1.405,0.0
2021-07-08,1.043,1.043,1.388,0.0
2021-07-09,1.052,1.052,1.397,0.0
2021-07-12,1.064,1.064,1.409,0.0
2021-07-13,1.073,1.073,1.418,0.0
2021-07-14,1.071,1.071,1.416,0.0
2021-07-15,1.076,1.076,1.421,0.0
2021-07-16,1.084,1.084,1.429,0.0
2021-07-19,1.079,1.079,1.424,0.0
2021-07-20,1.073,1.073,1.418,0.0
2021-07-21,1.074,1.074,1.419,0.0
2021-07-22,1.088,1.088,1.433,0.0
2021-07-23,1.076,1.076,1.421,0.0
2021-07-26,1.06,1.06,1.405,0.0
2021-07-27,1.01,1.01,1.355,0.0
2021-07-28,0.99,0.99,1.335,0.0
2021-07-29,1.009,1.009,1.354,0.0
2021-07-30,1.023,1.023,1.368,0.0
2021-08-02,1.027,1.027,1.372,0.0
2021-08-03,1.012,1.012,1.357,0.0
2021-08-04,1.03,1.03,1.375,0.0
2021-08-05,1.027,1.027,1.372,0.0
2021-08-06,1.031,1.031,1.376,0.0
2021-08-09,1.048,1.048,1.393,0.0
2021-08-10,1.051,1.051,1.396,0.0
2021-08-11,1.073,1.073,1.418,0.0
2021-08-12,1.09,1.09,1.435,0.0
2021-08-13,1.095,1.095,1.44,0.0
2021-08-16,1.097,1.097,1.442,0.0
2021-08-17,1.069,1.069,1.414,0.0
2021-08-18,1.08,1.08,1.425,0.0
2021-08-19,1.074,1.074,1.419,0.0
2021-08-20,1.075,1.075,1.42,0.0
2021-08-23,1.087,1.087,1.432,0.0
2021-08-24,1.103,1.103,1.448,0.0
2021-08-25,1.122,1.122,1.467,0.0
2021-08-26,1.127,1.127,1.472,0.0
2021-08-27,1.135,1.135,1.48,0.0
2021-08-30,1.145,1.145,1.49,0.0
2021-08-31,1.176,1.176,1.521,0.0
2021-09-01,1.172,1.172,1.517,0.0
2021-09-02,1.198,1.198,1.543,0.0
2021-09-03,1.194,1.194,1.539,0.0
2021-09-06,1.207,1.207,1.552,0.0
2021-09-07,1.24,1.24,1.585,0.0
2021-09-08,1.255,1.255,1.6,0.0
2021-09-09,1.286,1.286,1.631,0.0
2021-09-10,1.26,1.26,1.605,0.0
2021-09-13,1.289,1.289,1.634,0.0
2021-09-14,1.261,1.261,1.606,0.0
2021-09-15,1.265,1.265,1.61,0.0
2021-09-16,1.245,1.245,1.59,0.0
2021-09-17,1.212,1.212,1.557,0.0
2021-09-22,1.235,1.235,1.58,0.0
2021-09-23,1.238,1.238,1.583,0.0
2021-09-24,1.19,1.19,1.535,0.0
2021-09-27,1.146,1.146,1.491,0.0
2021-09-28,1.165,1.165,1.51,0.0
2021-09-29,1.125,1.125,1.47,0.0
2021-09-30,1.143,1.143,1.488,0.0
2021-10-08,1.143,1.143,1.488,0.0
2021-10-11,1.155,1.155,1.5,0.0
2021-10-12,1.131,1.131,1.476,0.0
2021-10-13,1.118,1.118,1.463,0.0
2021-10-14,1.116,1.116,1.461,0.0
2021-10-15,1.117,1.117,1.462,0.0
2021-10-18,1.14,1.14,1.485,0.0
2021-10-19,1.151,1.151,1.496,0.0
2021-10-20,1.134,1.134,1.479,0.0
2021-10-21,1.145,1.145,1.49,0.0
2021-10-22,1.12,1.12,1.465,0.0
2021-10-25,1.116,1.116,1.461,0.0
2021-10-26,1.115,1.115,1.46,0.0
2021-10-27,1.092,1.092,1.437,0.0
2021-10-28,1.061,1.061,1.406,0.0
2021-10-29,1.064,1.064,1.409,0.0
2021-11-01,1.074,1.074,1.419,0.0
2021-11-02,1.048,1.048,1.393,0.0
2021-11-03,1.063,1.063,1.408,0.0
2021-11-04,1.068,1.068,1.413,0.0
2021-11-05,1.043,1.043,1.388,0.0
2021-11-08,1.053,1.053,1.398,0.0
2021-11-09,1.059,1.059,1.404,0.0
2021-11-10,1.056,1.056,1.401,0.0
2021-11-11,1.08,1.08,1.425,0.0
2021-11-12,1.076,1.076,1.421,0.0
2021-11-15,1.072,1.072,1.417,0.0
2021-11-16,1.068,1.068,1.413,0.0
2021-11-17,1.073,1.073,1.418,0.0
2021-11-18,1.074,1.074,1.419,0.0
2021-11-19,1.09,1.09,1.435,0.0
2021-11-22,1.097,1.097,1.442,0.0
2021-11-23,1.107,1.107,1.452,0.0
2021-11-24,1.111,1.111,1.456,0.0
2021-11-25,1.108,1.108,1.453,0.0
2021-11-26,1.096,1.096,1.441,0.0
2021-11-29,1.087,1.087,1.432,0.0
2021-11-30,1.089,1.089,1.434,0.0
2021-12-01,1.107,1.107,1.452,0.0
2021-12-02,1.112,1.112,1.457,0.0
2021-12-03,1.121,1.121,1.466,0.0
2021-12-06,1.113,1.113,1.458,0.0
2021-12-07,1.117,1.117,1.462,0.0
2021-12-08,1.116,1.116,1.461,0.0
2021-12-09,1.122,1.122,1.437,0.0
2021-12-10,1.117,1.117,1.432,0.0
2021-12-13,1.116,1.116,1.431,0.0
2021-12-14,1.099,1.099,1.414,0.0
2021-12-15,1.103,1.103,1.418,0.0
2021-12-16,1.121,1.121,1.436,0.0
2021-12-17,1.116,1.116,1.431,0.0
2021-12-20,1.104,1.104,1.419,0.0
2021-12-21,1.129,1.129,1.444,0.0
2021-12-22,1.125,1.125,1.44,0.0
2021-12-23,1.127,1.127,1.442,0.0
2021-12-24,1.122,1.122,1.437,0.0
2021-12-27,1.129,1.129,1.444,0.0
2021-12-28,1.124,1.124,1.439,0.0
2021-12-29,1.123,1.123,1.438,0.0
2021-12-30,1.124,1.124,1.439,0.0
2021-12-31,1.137,1.137,1.452,0.0
2022-01-04,1.151,1.151,1.466,0.0
2022-01-05,1.15,1.15,1.465,0.0
2022-01-06,1.155,1.155,1.47,0.0
2022-01-07,1.157,1.157,1.472,0.0
2022-01-10,1.172,1.172,1.487,0.0
2022-01-11,1.184,1.184,1.499,0.0
2022-01-12,1.175,1.175,1.49,0.0
2022-01-13,1.17,1.17,1.485,0.0
2022-01-14,1.145,1.145,1.46,0.0
2022-01-17,1.15,1.15,1.465,0.0
2022-01-18,1.163,1.163,1.478,0.0
2022-01-19,1.174,1.174,1.489,0.0
2022-01-20,1.168,1.168,1.483,0.0
2022-01-21,1.157,1.157,1.472,0.0
2022-01-24,1.152,1.152,1.467,0.0
2022-01-25,1.102,1.102,1.417,0.0
2022-01-26,1.108,1.108,1.423,0.0
2022-01-27,1.094,1.094,1.409,0.0
2022-01-28,1.095,1.095,1.41,0.0
2022-02-07,1.118,1.118,1.433,0.0
2022-02-08,1.15,1.15,1.465,0.0
2022-02-09,1.156,1.156,1.471,0.0
2022-02-10,1.172,1.172,1.487,0.0
2022-02-11,1.17,1.17,1.485,0.0
2022-02-14,1.147,1.147,1.462,0.0
2022-02-15,1.14,1.14,1.455,0.0
2022-02-16,1.155,1.155,1.47,0.0
2022-02-17,1.15,1.15,1.465,0.0
2022-02-18,1.174,1.174,1.489,0.0
2022-02-21,1.185,1.185,1.5,0.0
2022-02-22,1.172,1.172,1.487,0.0
2022-02-23,1.17,1.17,1.485,0.0
2022-02-24,1.142,1.142,1.457,0.0
2022-02-25,1.138,1.138,1.453,0.0
2022-02-28,1.139,1.139,1.454,0.0
2022-03-01,1.154,1.154,1.469,0.0
2022-03-02,1.163,1.163,1.478,0.0
2022-03-03,1.177,1.177,1.492,0.0
2022-03-04,1.169,1.169,1.484,0.0
2022-03-07,1.153,1.153,1.468,0.0
2022-03-08,1.11,1.11,1.425,0.0
2022-03-09,1.088,1.088,1.403,0.0
2022-03-10,1.105,1.105,1.42,0.0
2022-03-11,1.113,1.113,1.428,0.0
2022-03-14,1.09,1.09,1.405,0.0
2022-03-15,0.992,0.992,1.307,0.0
2022-03-16,1.03,1.03,1.345,0.0
2022-03-17,1.054,1.054,1.369,0.0
2022-03-18,1.086,1.086,1.401,0.0
2022-03-21,1.091,1.091,1.406,0.0
2022-03-22,1.116,1.116,1.431,0.0
2022-03-23,1.121,1.121,1.436,0.0
2022-03-24,1.116,1.116,1.431,0.0
2022-03-25,1.116,1.116,1.431,0.0
2022-03-28,1.132,1.132,1.447,0.0
2022-03-29,1.128,1.128,1.443,0.0
2022-03-30,1.144,1.144,1.459,0.0
2022-03-31,1.164,1.164,1.479,0.0
2022-04-01,1.178,1.178,1.493,0.0
2022-04-06,1.202,1.202,1.517,0.0
2022-04-07,1.173,1.173,1.488,0.0
2022-04-08,1.19,1.19,1.505,0.0
2022-04-11,1.16,1.16,1.475,0.0
2022-04-12,1.15,1.15,1.465,0.0
2022-04-13,1.15,1.15,1.465,0.0
2022-04-14,1.182,1.182,1.497,0.0
2022-04-15,1.177,1.177,1.492,0.0
2022-04-18,1.154,1.154,1.469,0.0
2022-04-19,1.174,1.174,1.489,0.0
2022-04-20,1.13,1.13,1.445,0.0
2022-04-21,1.103,1.103,1.418,0.0
2022-04-22,1.115,1.115,1.43,0.0
2022-04-25,1.057,1.057,1.372,0.0
2022-04-26,1.016,1.016,1.331,0.0
2022-04-27,1.035,1.035,1.35,0.0
2022-04-28,1.046,1.046,1.361,0.0
2022-04-29,1.085,1.085,1.4,0.0
2022-05-05,1.095,1.095,1.41,0.0
2022-05-06,1.062,1.062,1.377,0.0
2022-05-09,1.061,1.061,1.376,0.0
2022-05-10,1.063,1.063,1.378,0.0
2022-05-11,1.061,1.061,1.376,0.0
2022-05-12,1.059,1.059,1.374,0.0
2022-05-13,1.092,1.092,1.407,0.0
2022-05-16,1.111,1.111,1.426,0.0
2022-05-17,1.101,1.101,1.416,0.0
2022-05-18,1.093,1.093,1.408,0.0
2022-05-19,1.096,1.096,1.411,0.0
2022-05-20,1.11,1.11,1.425,0.0
2022-05-23,1.113,1.113,1.428,0.0
2022-05-24,1.081,1.081,1.396,0.0
2022-05-25,1.101,1.101,1.416,0.0
2022-05-26,1.116,1.116,1.431,0.0
2022-05-27,1.116,1.116,1.431,0.0
2022-05-30,1.116,1.116,1.431,0.0
2022-05-31,1.118,1.118,1.433,0.0
2022-06-01,1.124,1.124,1.439,0.0
2022-06-02,1.115,1.115,1.43,0.0
2022-06-06,1.119,1.119,1.434,0.0
2022-06-07,1.125,1.125,1.44,0.0
2022-06-08,1.137,1.137,1.452,0.0
2022-06-09,1.132,1.132,1.447,0.0
2022-06-10,1.145,1.145,1.46,0.0
2022-06-13,1.128,1.128,1.443,0.0
2022-06-14,1.147,1.147,1.462,0.0
2022-06-15,1.146,1.146,1.461,0.0
2022-06-16,1.128,1.128,1.443,0.0
2022-06-17,1.129,1.129,1.444,0.0
2022-06-20,1.122,1.122,1.437,0.0
2022-06-21,1.126,1.126,1.441,0.0
2022-06-22,1.11,1.11,1.425,0.0
2022-06-23,1.126,1.126,1.441,0.0
2022-06-24,1.127,1.127,1.442,0.0
2022-06-27,1.141,1.141,1.426,0.0
2022-06-28,1.151,1.151,1.436,0.0
2022-06-29,1.148,1.148,1.433,0.0
2022-06-30,1.153,1.153,1.438,0.0
2022-07-01,1.155,1.155,1.44,0.0
2022-07-04,1.159,1.159,1.444,0.0
2022-07-05,1.163,1.163,1.448,0.0
2022-07-06,1.137,1.137,1.422,0.0
2022-07-07,1.147,1.147,1.432,0.0
2022-07-08,1.15,1.15,1.435,0.0
2022-07-11,1.133,1.133,1.418,0.0
2022-07-12,1.134,1.134,1.419,0.0
2022-07-13,1.138,1.138,1.423,0.0
2022-07-14,1.125,1.125,1.41,0.0
2022-07-15,1.101,1.101,1.386,0.0
2022-07-18,1.128,1.128,1.413,0.0
2022-07-19,1.133,1.133,1.418,0.0
2022-07-20,1.137,1.137,1.422,0.0
2022-07-21,1.123,1.123,1.408,0.0
2022-07-22,1.115,1.115,1.4,0.0
2022-07-25,1.114,1.114,1.399,0.0
2022-07-26,1.132,1.132,1.417,0.0
2022-07-27,1.133,1.133,1.418,0.0
2022-07-28,1.14,1.14,1.425,0.0
2022-07-29,1.13,1.13,1.415,0.0
2022-08-01,1.134,1.134,1.419,0.0
2022-08-02,1.097,1.097,1.382,0.0
2022-08-03,1.081,1.081,1.366,0.0
2022-08-04,1.085,1.085,1.37,0.0
2022-08-05,1.095,1.095,1.38,0.0
2022-08-08,1.115,1.115,1.4,0.0
2022-08-09,1.12,1.12,1.405,0.0
2022-08-10,1.115,1.115,1.4,0.0
2022-08-11,1.131,1.131,1.416,0.0
2022-08-12,1.142,1.142,1.427,0.0
2022-08-15,1.146,1.146,1.431,0.0
2022-08-16,1.151,1.151,1.436,0.0
2022-08-17,1.158,1.158,1.443,0.0
2022-08-18,1.146,1.146,1.431,0.0
2022-08-19,1.156,1.156,1.441,0.0
2022-08-22,1.167,1.167,1.452,0.0
2022-08-23,1.175,1.175,1.46,0.0
2022-08-24,1.15,1.15,1.435,0.0
2022-08-25,1.176,1.176,1.461,0.0
2022-08-26,1.169,1.169,1.454,0.0
2022-08-29,1.181,1.181,1.466,0.0
2022-08-30,1.172,1.172,1.457,0.0
2022-08-31,1.158,1.158,1.443,0.0
2022-09-01,1.167,1.167,1.452,0.0
2022-09-02,1.168,1.168,1.453,0.0
2022-09-05,1.186,1.186,1.471,0.0
2022-09-06,1.21,1.21,1.495,0.0
2022-09-07,1.208,1.208,1.493,0.0
2022-09-08,1.203,1.203,1.488,0.0
2022-09-09,1.219,1.219,1.504,0.0
2022-09-13,1.21,1.21,1.495,0.0
2022-09-14,1.196,1.196,1.481,0.0
2022-09-15,1.197,1.197,1.482,0.0
2022-09-16,1.15,1.15,1.435,0.0
2022-09-19,1.15,1.15,1.435,0.0
2022-09-20,1.153,1.153,1.438,0.0
2022-09-21,1.166,1.166,1.451,0.0
2022-09-22,1.162,1.162,1.447,0.0
2022-09-23,1.147,1.147,1.432,0.0
2022-09-26,1.125,1.125,1.41,0.0
2022-09-27,1.139,1.139,1.424,0.0
2022-09-28,1.122,1.122,1.407,0.0
2022-09-29,1.116,1.116,1.401,0.0
2022-09-30,1.124,1.124,1.409,0.0
2022-10-10,1.12,1.12,1.405,0.0
2022-10-11,1.117,1.117,1.402,0.0
2022-10-12,1.134,1.134,1.419,0.0
2022-10-13,1.125,1.125,1.41,0.0
2022-10-14,1.141,1.141,1.426,0.0
2022-10-17,1.14,1.14,1.425,0.0
2022-10-18,1.141,1.141,1.426,0.0
2022-10-19,1.131,1.131,1.416,0.0
2022-10-20,1.117,1.117,1.402,0.0
2022-10-21,1.123,1.123,1.408,0.0
2022-10-24,1.099,1.099,1.384,0.0
2022-10-25,1.088,1.088,1.373,0.0
2022-10-26,1.088,1.088,1.373,0.0
2022-10-27,1.09,1.09,1.375,0.0
2022-10-28,1.055,1.055,1.34,0.0
2022-10-31,1.033,1.033,1.318,0.0
2022-11-01,1.053,1.053,1.338,0.0
2022-11-02,1.07,1.07,1.355,0.0
2022-11-03,1.064,1.064,1.349,0.0
2022-11-04,1.088,1.088,1.373,0.0
2022-11-07,1.1,1.1,1.385,0.0
2022-11-08,1.098,1.098,1.383,0.0
2022-11-09,1.102,1.102,1.387,0.0
2022-11-10,1.101,1.101,1.386,0.0
2022-11-11,1.132,1.132,1.417,0.0
2022-11-14,1.134,1.134,1.419,0.0
2022-11-15,1.148,1.148,1.433,0.0
2022-11-16,1.146,1.146,1.431,0.0
2022-11-17,1.137,1.137,1.422,0.0
2022-11-18,1.134,1.134,1.419,0.0
2022-11-21,1.129,1.129,1.414,0.0
2022-11-22,1.132,1.132,1.417,0.0
2022-11-23,1.137,1.137,1.422,0.0
2022-11-24,1.147,1.147,1.432,0.0
2022-11-25,1.163,1.163,1.448,0.0
2022-11-28,1.158,1.158,1.443,0.0
2022-11-29,1.201,1.201,1.456,0.0
2022-11-30,1.193,1.193,1.448,0.0
2022-12-01,1.188,1.188,1.443,0.0
2022-12-02,1.182,1.182,1.437,0.0
2022-12-05,1.202,1.202,1.457,0.0
2022-12-06,1.196,1.196,1.451,0.0
2022-12-07,1.191,1.191,1.446,0.0
2022-12-08,1.194,1.194,1.449,0.0
2022-12-09,1.205,1.205,1.46,0.0
2022-12-12,1.185,1.185,1.44,0.0
2022-12-13,1.181,1.181,1.436,0.0
2022-12-14,1.173,1.173,1.428,0.0
2022-12-15,1.162,1.162,1.417,0.0
2022-12-16,1.175,1.175,1.43,0.0
2022-12-19,1.149,1.149,1.404,0.0
2022-12-20,1.133,1.133,1.388,0.0
2022-12-21,1.134,1.134,1.389,0.0
2022-12-22,1.127,1.127,1.382,0.0
2022-12-23,1.122,1.122,1.377,0.0
2022-12-26,1.121,1.121,1.376,0.0
2022-12-27,1.135,1.135,1.39,0.0
2022-12-28,1.134,1.134,1.389,0.0
2022-12-29,1.125,1.125,1.38,0.0
2022-12-30,1.132,1.132,1.387,0.0
2023-01-03,1.14,1.14,1.395,0.0
2023-01-04,1.153,1.153,1.408,0.0
2023-01-05,1.156,1.156,1.411,0.0
2023-01-06,1.154,1.154,1.409,0.0
2023-01-09,1.152,1.152,1.407,0.0
2023-01-10,1.144,1.144,1.399,0.0
2023-01-11,1.151,1.151,1.406,0.0
2023-01-12,1.146,1.146,1.401,0.0
2023-01-13,1.156,1.156,1.411,0.0
2023-01-16,1.164,1.164,1.419,0.0
2023-01-17,1.162,1.162,1.417,0.0
2023-01-18,1.164,1.164,1.419,0.0
2023-01-19,1.169,1.169,1.424,0.0
2023-01-20,1.183,1.183,1.438,0.0
2023-01-30,1.179,1.179,1.434,0.0
2023-01-31,1.181,1.181,1.436,0.0
2023-02-01,1.186,1.186,1.441,0.0
2023-02-02,1.189,1.189,1.444,0.0
2023-02-03,1.175,1.175,1.43,0.0
2023-02-06,1.165,1.165,1.42,0.0
2023-02-07,1.174,1.174,1.429,0.0
2023-02-08,1.167,1.167,1.422,0.0
2023-02-09,1.178,1.178,1.433,0.0
2023-02-10,1.179,1.179,1.434,0.0
2023-02-13,1.184,1.184,1.439,0.0
2023-02-14,1.19,1.19,1.445,0.0
2023-02-15,1.181,1.181,1.436,0.0
2023-02-16,1.171,1.171,1.426,0.0
2023-02-17,1.17,1.17,1.425,0.0
2023-02-20,1.2,1.2,1.455,0.0
2023-02-21,1.218,1.218,1.473,0.0
2023-02-22,1.221,1.221,1.476,0.0
2023-02-23,1.222,1.222,1.477,0.0
2023-02-24,1.216,1.216,1.471,0.0
2023-02-27,1.216,1.216,1.471,0.0
2023-02-28,1.224,1.224,1.479,0.0
2023-03-01,1.231,1.231,1.486,0.0
2023-03-02,1.239,1.239,1.494,0.0
2023-03-03,1.245,1.245,1.5,0.0
2023-03-06,1.238,1.238,1.493,0.0
2023-03-07,1.228,1.228,1.483,0.0
2023-03-08,1.225,1.225,1.48,0.0
2023-03-09,1.222,1.222,1.477,0.0
2023-03-10,1.198,1.198,1.453,0.0
2023-03-13,1.216,1.216,1.471,0.0
2023-03-14,1.204,1.204,1.459,0.0
2023-03-15,1.222,1.222,1.477,0.0
2023-03-16,1.207,1.207,1.462,0.0
2023-03-17,1.219,1.219,1.474,0.0
2023-03-20,1.211,1.211,1.466,0.0
2023-03-21,1.209,1.209,1.464,0.0
2023-03-22,1.216,1.216,1.471,0.0
2023-03-23,1.217,1.217,1.472,0.0
2023-03-24,1.207,1.207,1.462,0.0
2023-03-27,1.193,1.193,1.448,0.0
2023-03-28,1.193,1.193,1.448,0.0
2023-03-29,1.191,1.191,1.446,0.0
2023-03-30,1.198,1.198,1.453,0.0
2023-03-31,1.205,1.205,1.46,0.0
2023-04-03,1.214,1.214,1.469,0.0
2023-04-04,1.212,1.212,1.467,0.0
2023-04-06,1.211,1.211,1.466,0.0
2023-04-07,1.212,1.212,1.467,0.0
2023-04-10,1.215,1.215,1.47,0.0
2023-04-11,1.222,1.222,1.477,0.0
2023-04-12,1.24,1.24,1.495,0.0
2023-04-13,1.239,1.239,1.494,0.0
2023-04-14,1.233,1.233,1.488,0.0
2023-04-17,1.257,1.257,1.512,0.0
2023-04-18,1.26,1.26,1.515,0.0
2023-04-19,1.258,1.258,1.513,0.0
2023-04-20,1.263,1.263,1.518,0.0
2023-04-21,1.247,1.247,1.502,0.0
2023-04-24,1.244,1.244,1.499,0.0
2023-04-25,1.249,1.249,1.504,0.0
2023-04-26,1.252,1.252,1.507,0.0
2023-04-27,1.255,1.255,1.51,0.0
2023-04-28,1.28,1.28,1.535,0.0
2023-05-04,1.304,1.304,1.559,0.0
2023-05-05,1.309,1.309,1.564,0.0
2023-05-08,1.342,1.342,1.597,0.0
2023-05-09,1.328,1.328,1.583,0.0
2023-05-10,1.296,1.296,1.551,0.0
2023-05-11,1.3,1.3,1.555,0.0
2023-05-12,1.286,1.286,1.541,0.0
2023-05-15,1.286,1.286,1.541,0.0
2023-05-16,1.277,1.277,1.532,0.0
2023-05-17,1.272,1.272,1.527,0.0
2023-05-18,1.282,1.282,1.537,0.0
2023-05-19,1.264,1.264,1.519,0.0
2023-05-22,1.264,1.264,1.519,0.0
2023-05-23,1.245,1.245,1.5,0.0
2023-05-24,1.224,1.224,1.479,0.0
2023-05-25,1.217,1.217,1.472,0.0
2023-05-26,1.229,1.229,1.484,0.0
2023-05-29,1.241,1.241,1.496,0.0
2023-05-30,1.238,1.238,1.493,0.0
2023-05-31,1.227,1.227,1.482,0.0
2023-06-01,1.223,1.223,1.478,0.0
2023-06-02,1.232,1.232,1.487,0.0
2023-06-05,1.239,1.239,1.494,0.0
2023-06-06,1.229,1.229,1.484,0.0
2023-06-07,1.239,1.239,1.494,0.0
2023-06-08,1.257,1.257,1.512,0.0
2023-06-09,1.253,1.253,1.508,0.0
2023-06-12,1.245,1.245,1.5,0.0
2023-06-13,1.241,1.241,1.496,0.0
2023-06-14,1.235,1.235,1.49,0.0
2023-06-15,1.238,1.238,1.493,0.0
2023-06-16,1.236,1.236,1.456,0.0
2023-06-19,1.218,1.218,1.438,0.0
2023-06-20,1.207,1.207,1.427,0.0
2023-06-21,1.197,1.197,1.417,0.0
2023-06-26,1.18,1.18,1.4,0.0
2023-06-27,1.203,1.203,1.423,0.0
2023-06-28,1.212,1.212,1.432,0.0
2023-06-29,1.211,1.211,1.431,0.0
2023-06-30,1.214,1.214,1.434,0.0
2023-07-03,1.228,1.228,1.448,0.0
2023-07-04,1.223,1.223,1.443,0.0
2023-07-05,1.22,1.22,1.44,0.0
2023-07-06,1.214,1.214,1.434,0.0
2023-07-07,1.223,1.223,1.443,0.0
2023-07-10,1.226,1.226,1.446,0.0
2023-07-11,1.228,1.228,1.448,0.0
2023-07-12,1.222,1.222,1.442,0.0
2023-07-13,1.236,1.236,1.456,0.0
2023-07-14,1.239,1.239,1.459,0.0
2023-07-17,1.231,1.231,1.451,0.0
2023-07-18,1.231,1.231,1.451,0.0
2023-07-19,1.239,1.239,1.459,0.0
2023-07-20,1.237,1.237,1.457,0.0
2023-07-21,1.236,1.236,1.456,0.0
2023-07-24,1.235,1.235,1.455,0.0
2023-07-25,1.263,1.263,1.483,0.0
2023-07-26,1.262,1.262,1.482,0.0
2023-07-27,1.266,1.266,1.486,0.0
2023-07-28,1.29,1.29,1.51,0.0
2023-07-31,1.303,1.303,1.523,0.0
2023-08-01,1.303,1.303,1.523,0.0
2023-08-02,1.289,1.289,1.509,0.0
2023-08-03,1.304,1.304,1.524,0.0
2023-08-04,1.297,1.297,1.517,0.0
2023-08-07,1.283,1.283,1.503,0.0
2023-08-08,1.28,1.28,1.5,0.0
2023-08-09,1.274,1.274,1.494,0.0
2023-08-10,1.28,1.28,1.5,0.0
2023-08-11,1.259,1.259,1.479,0.0
2023-08-14,1.258,1.258,1.478,0.0
2023-08-15,1.265,1.265,1.485,0.0
2023-08-16,1.267,1.267,1.487,0.0
2023-08-17,1.266,1.266,1.486,0.0
2023-08-18,1.259,1.259,1.479,0.0
2023-08-21,1.246,1.246,1.466,0.0
2023-08-22,1.257,1.257,1.477,0.0
2023-08-23,1.252,1.252,1.472,0.0
2023-08-24,1.246,1.246,1.466,0.0
2023-08-25,1.248,1.248,1.468,0.0
2023-08-28,1.27,1.27,1.49,0.0
2023-08-29,1.273,1.273,1.493,0.0
2023-08-30,1.262,1.262,1.482,0.0
2023-08-31,1.247,1.247,1.467,0.0
2023-09-01,1.262,1.262,1.482,0.0
2023-09-04,1.284,1.284,1.504,0.0
2023-09-05,1.273,1.273,1.493,0.0
2023-09-06,1.273,1.273,1.493,0.0
2023-09-07,1.264,1.264,1.484,0.0
2023-09-08,1.256,1.256,1.476,0.0
2023-09-11,1.268,1.268,1.488,0.0
2023-09-12,1.264,1.264,1.484,0.0
2023-09-13,1.267,1.267,1.487,0.0
2023-09-14,1.282,1.282,1.502,0.0
2023-09-15,1.283,1.283,1.503,0.0
2023-09-18,1.28,1.28,1.5,0.0
2023-09-19,1.29,1.29,1.51,0.0
2023-09-20,1.296,1.296,1.516,0.0
2023-09-21,1.283,1.283,1.503,0.0
2023-09-22,1.29,1.29,1.51,0.0
2023-09-25,1.289,1.289,1.509,0.0
2023-09-26,1.286,1.286,1.506,0.0
2023-09-27,1.278,1.278,1.498,0.0
2023-09-28,1.278,1.278,1.498,0.0
2023-10-09,1.271,1.271,1.491,0.0
2023-10-10,1.256,1.256,1.476,0.0
2023-10-11,1.25,1.25,1.47,0.0
2023-10-12,1.267,1.267,1.487,0.0
2023-10-13,1.264,1.264,1.484,0.0
2023-10-16,1.268,1.268,1.488,0.0
2023-10-17,1.272,1.272,1.492,0.0
2023-10-18,1.258,1.258,1.478,0.0
2023-10-19,1.232,1.232,1.452,0.0
2023-10-20,1.224,1.224,1.444,0.0
2023-10-23,1.211,1.211,1.431,0.0
2023-10-24,1.219,1.219,1.439,0.0
2023-10-25,1.232,1.232,1.452,0.0
2023-10-26,1.238,1.238,1.458,0.0
2023-10-27,1.244,1.244,1.464,0.0
2023-10-30,1.228,1.228,1.448,0.0
2023-10-31,1.229,1.229,1.449,0.0
2023-11-01,1.227,1.227,1.447,0.0
2023-11-02,1.229,1.229,1.449,0.0
2023-11-03,1.223,1.223,1.443,0.0
2023-11-06,1.218,1.218,1.438,0.0
2023-11-07,1.22,1.22,1.44,0.0
2023-11-08,1.217,1.217,1.437,0.0
2023-11-09,1.227,1.227,1.447,0.0
2023-11-10,1.223,1.223,1.443,0.0
2023-11-13,1.224,1.224,1.444,0.0
2023-11-14,1.224,1.224,1.444,0.0
2023-11-15,1.229,1.229,1.449,0.0
2023-11-16,1.228,1.228,1.448,0.0
2023-11-17,1.223,1.223,1.443,0.0
2023-11-20,1.227,1.227,1.447,0.0
2023-11-21,1.234,1.234,1.454,0.0
2023-11-22,1.23,1.23,1.45,0.0
2023-11-23,1.238,1.238,1.458,0.0
2023-11-24,1.241,1.241,1.461,0.0
2023-11-27,1.236,1.236,1.456,0.0
2023-11-28,1.236,1.236,1.456,0.0
2023-11-29,1.227,1.227,1.447,0.0
2023-11-30,1.231,1.231,1.451,0.0
2023-12-01,1.238,1.238,1.423,0.0
2023-12-04,1.237,1.237,1.422,0.0
2023-12-05,1.218,1.218,1.403,0.0
2023-12-06,1.216,1.216,1.401,0.0
2023-12-07,1.218,1.218,1.403,0.0
2023-12-08,1.217,1.217,1.402,0.0
2023-12-11,1.238,1.238,1.423,0.0
2023-12-12,1.236,1.236,1.421,0.0
2023-12-13,1.226,1.226,1.411,0.0
2023-12-14,1.222,1.222,1.407,0.0
2023-12-15,1.216,1.216,1.401,0.0
2023-12-18,1.212,1.212,1.397,0.0
2023-12-19,1.209,1.209,1.394,0.0
2023-12-20,1.204,1.204,1.389,0.0
2023-12-21,1.201,1.201,1.386,0.0
2023-12-22,1.201,1.201,1.386,0.0
2023-12-25,1.199,1.199,1.384,0.0
2023-12-26,1.194,1.194,1.379,0.0
2023-12-27,1.201,1.201,1.386,0.0
2023-12-28,1.201,1.201,1.386,0.0
2023-12-29,1.207,1.207,1.392,0.0
2024-01-02,1.221,1.221,1.406,0.0
2024-01-03,1.234,1.234,1.419,0.0
2024-01-04,1.241,1.241,1.426,0.0
2024-01-05,1.243,1.243,1.428,0.0
2024-01-08,1.224,1.224,1.409,0.0
2024-01-09,1.235,1.235,1.42,0.0
2024-01-10,1.228,1.228,1.413,0.0
2024-01-11,1.222,1.222,1.407,0.0
2024-01-12,1.223,1.223,1.408,0.0
2024-01-15,1.231,1.231,1.416,0.0
2024-01-16,1.234,1.234,1.419,0.0
2024-01-17,1.216,1.216,1.401,0.0
2024-01-18,1.204,1.204,1.389,0.0
2024-01-19,1.198,1.198,1.383,0.0
2024-01-22,1.15,1.15,1.335,0.0
2024-01-23,1.168,1.168,1.353,0.0
2024-01-24,1.196,1.196,1.381,0.0
2024-01-25,1.236,1.236,1.421,0.0
2024-01-26,1.256,1.256,1.441,0.0
2024-01-29,1.258,1.258,1.443,0.0
2024-01-30,1.243,1.243,1.428,0.0
2024-01-31,1.239,1.239,1.424,0.0
2024-02-01,1.222,1.222,1.407,0.0
2024-02-02,1.223,1.223,1.408,0.0
2024-02-05,1.225,1.225,1.41,0.0
2024-02-06,1.253,1.253,1.438,0.0
2024-02-07,1.279,1.279,1.464,0.0
2024-02-08,1.282,1.282,1.467,0.0
2024-02-19,1.312,1.312,1.497,0.0
2024-02-20,1.328,1.328,1.513,0.0
2024-02-21,1.329,1.329,1.514,0.0
2024-02-22,1.349,1.349,1.534,0.0
2024-02-23,1.342,1.342,1.527,0.0
2024-02-26,1.316,1.316,1.501,0.0
2024-02-27,1.325,1.325,1.51,0.0
2024-02-28,1.316,1.316,1.501,0.0
2024-02-29,1.326,1.326,1.511,0.0
2024-03-01,1.328,1.328,1.513,0.0
2024-03-04,1.334,1.334,1.519,0.0
2024-03-05,1.346,1.346,1.531,0.0
2024-03-06,1.345,1.345,1.53,0.0
2024-03-07,1.351,1.351,1.536,0.0
2024-03-08,1.357,1.357,1.542,0.0
2024-03-11,1.346,1.346,1.531,0.0
2024-03-12,1.319,1.319,1.504,0.0
2024-03-13,1.313,1.313,1.498,0.0
2024-03-14,1.318,1.318,1.503,0.0
2024-03-15,1.315,1.315,1.5,0.0
2024-03-18,1.311,1.311,1.496,0.0
2024-03-19,1.309,1.309,1.494,0.0
2024-03-20,1.312,1.312,1.497,0.0
2024-03-21,1.317,1.317,1.502,0.0
2024-03-22,1.309,1.309,1.494,0.0
2024-03-25,1.314,1.314,1.499,0.0
2024-03-26,1.311,1.311,1.496,0.0
2024-03-27,1.306,1.306,1.491,0.0
2024-03-28,1.306,1.306,1.476,0.0
2024-03-29,1.321,1.321,1.491,0.0
2024-04-01,1.325,1.325,1.495,0.0
2024-04-02,1.331,1.331,1.501,0.0
2024-04-03,1.345,1.345,1.515,0.0
2024-04-08,1.342,1.342,1.512,0.0
2024-04-09,1.334,1.334,1.504,0.0
2024-04-10,1.339,1.339,1.509,0.0
2024-04-11,1.354,1.354,1.524,0.0
2024-04-12,1.349,1.349,1.519,0.0
2024-04-15,1.376,1.376,1.546,0.0
2024-04-16,1.375,1.375,1.545,0.0
2024-04-17,1.4,1.4,1.57,0.0
2024-04-18,1.404,1.404,1.574,0.0
2024-04-19,1.409,1.409,1.579,0.0
2024-04-22,1.377,1.377,1.547,0.0
2024-04-23,1.35,1.35,1.52,0.0
2024-04-24,1.35,1.35,1.52,0.0
2024-04-25,1.359,1.359,1.529,0.0
2024-04-26,1.35,1.35,1.52,0.0
2024-04-29,1.349,1.349,1.519,0.0
2024-04-30,1.351,1.351,1.521,0.0
2024-05-06,1.368,1.368,1.538,0.0
2024-05-07,1.367,1.367,1.537,0.0
2024-05-08,1.369,1.369,1.539,0.0
2024-05-09,1.379,1.379,1.549,0.0
2024-05-10,1.387,1.387,1.557,0.0
2024-05-13,1.39,1.39,1.56,0.0
2024-05-14,1.387,1.387,1.557,0.0
2024-05-15,1.387,1.387,1.557,0.0
2024-05-16,1.391,1.391,1.561,0.0
2024-05-17,1.404,1.404,1.574,0.0
2024-05-20,1.421,1.421,1.591,0.0
2024-05-21,1.426,1.426,1.596,0.0
2024-05-22,1.426,1.426,1.596,0.0
2024-05-23,1.404,1.404,1.574,0.0
2024-05-24,1.401,1.401,1.571,0.0
2024-05-27,1.424,1.424,1.594,0.0
2024-05-28,1.418,1.418,1.588,0.0
2024-05-29,1.418,1.418,1.588,0.0
2024-05-30,1.409,1.409,1.579,0.0
2024-05-31,1.411,1.411,1.581,0.0
2024-06-03,1.397,1.397,1.567,0.0
2024-06-04,1.407,1.407,1.577,0.0
2024-06-05,1.388,1.388,1.558,0.0
2024-06-06,1.39,1.39,1.56,0.0
2024-06-07,1.404,1.404,1.574,0.0
2024-06-11,1.38,1.38,1.55,0.0
2024-06-12,1.396,1.396,1.566,0.0
2024-06-13,1.381,1.381,1.551,0.0
2024-06-14,1.384,1.384,1.554,0.0
2024-06-17,1.361,1.361,1.531,0.0
2024-06-18,1.367,1.367,1.537,0.0
2024-06-19,1.362,1.362,1.532,0.0
2024-06-20,1.36,1.36,1.53,0.0
2024-06-21,1.36,1.36,1.53,0.0
2024-06-24,1.341,1.341,1.511,0.0
2024-06-25,1.344,1.344,1.514,0.0
2024-06-26,1.353,1.353,1.523,0.0
2024-06-27,1.347,1.347,1.517,0.0
2024-06-28,1.354,1.354,1.524,0.0
2024-07-01,1.386,1.386,1.536,0.0
2024-07-02,1.383,1.383,1.533,0.0
2024-07-03,1.372,1.372,1.522,0.0
2024-07-04,1.364,1.364,1.514,0.0
2024-07-05,1.358,1.358,1.508,0.0
2024-07-08,1.348,1.348,1.498,0.0
2024-07-09,1.367,1.367,1.517,0.0
2024-07-10,1.341,1.341,1.491,0.0
2024-07-11,1.345,1.345,1.495,0.0
2024-07-12,1.342,1.342,1.492,0.0
2024-07-15,1.355,1.355,1.505,0.0
2024-07-16,1.35,1.35,1.5,0.0
2024-07-17,1.342,1.342,1.492,0.0
2024-07-18,1.342,1.342,1.492,0.0
2024-07-19,1.335,1.335,1.485,0.0
2024-07-22,1.321,1.321,1.471,0.0
2024-07-23,1.304,1.304,1.454,0.0
2024-07-24,1.299,1.299,1.449,0.0
2024-07-25,1.299,1.299,1.449,0.0
2024-07-26,1.298,1.298,1.448,0.0
2024-07-29,1.299,1.299,1.449,0.0
2024-07-30,1.29,1.29,1.44,0.0
2024-07-31,1.314,1.314,1.464,0.0
2024-08-01,1.311,1.311,1.461,0.0
2024-08-02,1.308,1.308,1.458,0.0
2024-08-05,1.291,1.291,1.441,0.0
2024-08-06,1.284,1.284,1.434,0.0
2024-08-07,1.288,1.288,1.438,0.0
2024-08-08,1.297,1.297,1.447,0.0
2024-08-09,1.289,1.289,1.439,0.0
2024-08-12,1.297,1.297,1.447,0.0
2024-08-13,1.298,1.298,1.448,0.0
2024-08-14,1.294,1.294,1.444,0.0
2024-08-15,1.307,1.307,1.457,0.0
2024-08-16,1.307,1.307,1.457,0.0
2024-08-19,1.32,1.32,1.47,0.0
2024-08-20,1.303,1.303,1.453,0.0
2024-08-21,1.288,1.288,1.438,0.0
2024-08-22,1.288,1.288,1.438,0.0
2024-08-23,1.289,1.289,1.439,0.0
2024-08-26,1.287,1.287,1.437,0.0
2024-08-27,1.286,1.286,1.436,0.0
2024-08-28,1.281,1.281,1.431,0.0
2024-08-29,1.261,1.261,1.411,0.0
2024-08-30,1.268,1.268,1.418,0.0
2024-09-02,1.268,1.268,1.418,0.0
2024-09-03,1.26,1.26,1.41,0.0
2024-09-04,1.258,1.258,1.408,0.0
2024-09-05,1.261,1.261,1.411,0.0
2024-09-06,1.248,1.248,1.398,0.0
2024-09-09,1.223,1.223,1.373,0.0
2024-09-10,1.223,1.223,1.373,0.0
2024-09-11,1.2,1.2,1.35,0.0
2024-09-12,1.203,1.203,1.353,0.0
2024-09-13,1.198,1.198,1.348,0.0
2024-09-18,1.212,1.212,1.362,0.0
2024-09-19,1.217,1.217,1.367,0.0
2024-09-20,1.215,1.215,1.35,0.0
2024-09-23,1.231,1.231,1.366,0.0
2024-09-24,1.289,1.289,1.424,0.0
2024-09-25,1.31,1.31,1.445,0.0
2024-09-26,1.363,1.363,1.498,0.0
2024-09-27,1.367,1.367,1.502,0.0
2024-09-30,1.485,1.485,1.62,0.0
2024-10-08,1.496,1.496,1.631,0.0
2024-10-09,1.365,1.365,1.5,0.0
2024-10-10,1.416,1.416,1.551,0.0
2024-10-11,1.392,1.392,1.527,0.0
2024-10-14,1.431,1.431,1.566,0.0
2024-10-15,1.398,1.398,1.533,0.0
2024-10-16,1.418,1.418,1.553,0.0
2024-10-17,1.394,1.394,1.529,0.0
2024-10-18,1.407,1.407,1.542,0.0
2024-10-21,1.398,1.398,1.533,0.0
2024-10-22,1.403,1.403,1.538,0.0
2024-10-23,1.406,1.406,1.541,0.0
2024-10-24,1.4,1.4,1.535,0.0
2024-10-25,1.403,1.403,1.538,0.0
2024-10-28,1.417,1.417,1.552,0.0
2024-10-29,1.392,1.392,1.527,0.0
2024-10-30,1.378,1.378,1.513,0.0
2024-10-31,1.373,1.373,1.508,0.0
2024-11-01,1.386,1.386,1.521,0.0
2024-11-04,1.397,1.397,1.532,0.0
2024-11-05,1.417,1.417,1.552,0.0
2024-11-06,1.412,1.412,1.547,0.0
2024-11-07,1.443,1.443,1.578,0.0
2024-11-08,1.427,1.427,1.562,0.0
2024-11-11,1.412,1.412,1.547,0.0
2024-11-12,1.403,1.403,1.538,0.0
2024-11-13,1.411,1.411,1.546,0.0
2024-11-14,1.391,1.391,1.526,0.0
2024-11-15,1.386,1.386,1.521,0.0
2024-11-18,1.413,1.413,1.548,0.0
2024-11-19,1.41,1.41,1.545,0.0
2024-11-20,1.415,1.415,1.55,0.0
2024-11-21,1.416,1.416,1.551,0.0
2024-11-22,1.376,1.376,1.511,0.0
2024-11-25,1.375,1.375,1.51,0.0
2024-11-26,1.376,1.376,1.511,0.0
2024-11-27,1.391,1.391,1.526,0.0
2024-11-28,1.388,1.388,1.523,0.0
2024-11-29,1.399,1.399,1.534,0.0
2024-12-02,1.405,1.405,1.52,0.0
2024-12-03,1.417,1.417,1.532,0.0
2024-12-04,1.421,1.421,1.536,0.0
2024-12-05,1.419,1.419,1.534,0.0
2024-12-06,1.439,1.439,1.554,0.0
2024-12-09,1.442,1.442,1.557,0.0
2024-12-10,1.444,1.444,1.559,0.0
2024-12-11,1.453,1.453,1.568,0.0
2024-12-12,1.458,1.458,1.573,0.0
2024-12-13,1.434,1.434,1.549,0.0
2024-12-16,1.442,1.442,1.557,0.0
2024-12-17,1.434,1.434,1.549,0.0
2024-12-18,1.443,1.443,1.558,0.0
2024-12-19,1.427,1.427,1.542,0.0
2024-12-20,1.417,1.417,1.532,0.0
2024-12-23,1.416,1.416,1.531,0.0
2024-12-24,1.431,1.431,1.546,0.0
2024-12-25,1.437,1.437,1.552,0.0
2024-12-26,1.434,1.434,1.549,0.0
2024-12-27,1.435,1.435,1.55,0.0
2024-12-30,1.452,1.452,1.567,0.0
2024-12-31,1.448,1.448,1.563,0.0
2025-01-02,1.415,1.415,1.53,0.0
2025-01-03,1.401,1.401,1.516,0.0
2025-01-06,1.407,1.407,1.522,0.0
2025-01-07,1.402,1.402,1.517,0.0
2025-01-08,1.4,1.4,1.515,0.0
2025-01-09,1.38,1.38,1.495,0.0
2025-01-10,1.359,1.359,1.474,0.0
2025-01-13,1.344,1.344,1.459,0.0
2025-01-14,1.371,1.371,1.486,0.0
2025-01-15,1.374,1.374,1.489,0.0
2025-01-16,1.385,1.385,1.5,0.0
2025-01-17,1.381,1.381,1.496,0.0
2025-01-20,1.378,1.378,1.493,0.0
2025-01-21,1.37,1.37,1.485,0.0
2025-01-22,1.354,1.354,1.469,0.0
2025-01-23,1.371,1.371,1.486,0.0
2025-01-24,1.383,1.383,1.498,0.0
2025-01-27,1.401,1.401,1.516,0.0
2025-02-05,1.373,1.373,1.488,0.0
2025-02-06,1.373,1.373,1.488,0.0
2025-02-07,1.385,1.385,1.5,0.0
2025-02-10,1.381,1.381,1.496,0.0
2025-02-11,1.385,1.385,1.5,0.0
2025-02-12,1.385,1.385,1.5,0.0
2025-02-13,1.389,1.389,1.504,0.0
2025-02-14,1.391,1.391,1.506,0.0
2025-02-17,1.384,1.384,1.499,0.0
2025-02-18,1.378,1.378,1.493,0.0
2025-02-19,1.374,1.374,1.489,0.0
2025-02-20,1.371,1.371,1.486,0.0
2025-02-21,1.36,1.36,1.475,0.0
2025-02-24,1.362,1.362,1.477,0.0
2025-02-25,1.353,1.353,1.468,0.0
2025-02-26,1.372,1.372,1.487,0.0
2025-02-27,1.387,1.387,1.502,0.0
2025-02-28,1.376,1.376,1.491,0.0
2025-03-03,1.373,1.373,1.488,0.0
2025-03-04,1.373,1.373,1.488,0.0
2025-03-05,1.38,1.38,1.495,0.0
2025-03-06,1.382,1.382,1.497,0.0
2025-03-07,1.382,1.382,1.497,0.0
2025-03-10,1.387,1.387,1.502,0.0
2025-03-11,1.393,1.393,1.508,0.0
2025-03-12,1.39,1.39,1.505,0.0
2025-03-13,1.402,1.402,1.517,0.0
2025-03-14,1.412,1.412,1.527,0.0
2025-03-17,1.418,1.418,1.533,0.0
2025-03-18,1.415,1.415,1.53,0.0
2025-03-19,1.417,1.417,1.517,0.0
2025-03-20,1.412,1.412,1.512,0.0
2025-03-21,1.408,1.408,1.508,0.0
2025-03-24,1.416,1.416,1.516,0.0
2025-03-25,1.426,1.426,1.526,0.0
2025-03-26,1.425,1.425,1.525,0.0
2025-03-27,1.421,1.421,1.521,0.0
2025-03-28,1.412,1.412,1.512,0.0
2025-03-31,1.404,1.404,1.504,0.0
2025-04-01,1.417,1.417,1.517,0.0
2025-04-02,1.421,1.421,1.521,0.0
2025-04-03,1.425,1.425,1.525,0.0
2025-04-07,1.327,1.327,1.427,0.0
2025-04-08,1.36,1.36,1.46,0.0
2025-04-09,1.362,1.362,1.462,0.0
2025-04-10,1.377,1.377,1.477,0.0
2025-04-11,1.373,1.373,1.473,0.0
2025-04-14,1.385,1.385,1.485,0.0
2025-04-15,1.391,1.391,1.491,0.0
2025-04-16,1.394,1.394,1.494,0.0
2025-04-17,1.393,1.393,1.493,0.0
2025-04-18,1.395,1.395,1.495,0.0
2025-04-21,1.393,1.393,1.493,0.0
2025-04-22,1.4,1.4,1.5,0.0
2025-04-23,1.394,1.394,1.494,0.0
2025-04-24,1.4,1.4,1.5,0.0
2025-04-25,1.398,1.398,1.498,0.0
2025-04-28,1.4,1.4,1.5,0.0
2025-04-29,1.396,1.396,1.496,0.0
2025-04-30,1.386,1.386,1.486,0.0
2025-05-06,1.389,1.389,1.489,0.0
2025-05-07,1.398,1.398,1.498,0.0
2025-05-08,1.403,1.403,1.503,0.0
2025-05-09,1.409,1.409,1.509,0.0
2025-05-12,1.415,1.415,1.515,0.0
2025-05-13,1.425,1.425,1.525,0.0
2025-05-14,1.434,1.434,1.534,0.0
2025-05-15,1.429,1.429,1.529,0.0
2025-05-16,1.423,1.423,1.523,0.0
2025-05-19,1.425,1.425,1.525,0.0
2025-05-20,1.431,1.431,1.531,0.0
2025-05-21,1.442,1.442,1.542,0.0
2025-05-22,1.438,1.438,1.538,0.0
2025-05-23,1.427,1.427,1.527,0.0
2025-05-26,1.418,1.418,1.518,0.0
2025-05-27,1.414,1.414,1.514,0.0
2025-05-28,1.417,1.417,1.517,0.0
2025-05-29,1.421,1.421,1.521,0.0
2025-05-30,1.425,1.425,1.525,0.0
2025-06-03,1.427,1.427,1.527,0.0
2025-06-04,1.432,1.432,1.532,0.0
2025-06-05,1.426,1.426,1.526,0.0
2025-06-06,1.427,1.427,1.527,0.0
2025-06-09,1.429,1.429,1.529,0.0
2025-06-10,1.429,1.429,1.529,0.0
2025-06-11,1.437,1.437,1.537,0.0
2025-06-12,1.437,1.437,1.537,0.0
2025-06-13,1.429,1.429,1.529,0.0
2025-06-16,1.43,1.43,1.53,0.0
2025-06-17,1.431,1.431,1.516,0.0
2025-06-18,1.432,1.432,1.517,0.0
2025-06-19,1.421,1.421,1.506,0.0
2025-06-20,1.427,1.427,1.512,0.0
2025-06-23,1.433,1.433,1.518,0.0
2025-06-24,1.437,1.437,1.522,0.0
2025-06-25,1.444,1.444,1.529,0.0
2025-06-26,1.447,1.447,1.532,0.0
2025-06-27,1.441,1.441,1.526,0.0
2025-06-30,1.441,1.441,1.526,0.0
2025-07-01,1.452,1.452,1.537,0.0
2025-07-02,1.463,1.463,1.548,0.0
2025-07-03,1.465,1.465,1.55,0.0
2025-07-04,1.471,1.471,1.556,0.0
2025-07-07,1.479,1.479,1.564,0.0
2025-07-08,1.482,1.482,1.567,0.0
2025-07-09,1.487,1.487,1.572,0.0
2025-07-10,1.497,1.497,1.582,0.0
2025-07-11,1.49,1.49,1.575,0.0
2025-07-14,1.502,1.502,1.587,0.0
2025-07-15,1.481,1.481,1.566,0.0
2025-07-16,1.477,1.477,1.562,0.0
2025-07-17,1.476,1.476,1.561,0.0
2025-07-18,1.481,1.481,1.566,0.0
2025-07-21,1.501,1.501,1.586,0.0
2025-07-22,1.527,1.527,1.612,0.0
2025-07-23,1.521,1.521,1.606,0.0
2025-07-24,1.528,1.528,1.613,0.0
2025-07-25,1.52,1.52,1.605,0.0
2025-07-28,1.505,1.505,1.59,0.0
2025-07-29,1.505,1.505,1.59,0.0
2025-07-30,1.507,1.507,1.592,0.0
2025-07-31,1.481,1.481,1.566,0.0
2025-08-01,1.48,1.48,1.565,0.0
2025-08-04,1.487,1.487,1.572,0.0
2025-08-05,1.503,1.503,1.588,0.0
2025-08-06,1.513,1.513,1.598,0.0
2025-08-07,1.515,1.515,1.6,0.0
2025-08-08,1.517,1.517,1.602,0.0
2025-08-11,1.512,1.512,1.597,0.0
2025-08-12,1.519,1.519,1.604,0.0
2025-08-13,1.512,1.512,1.597,0.0
2025-08-14,1.496,1.496,1.581,0.0
2025-08-15,1.502,1.502,1.587,0.0
2025-08-18,1.498,1.498,1.583,0.0
2025-08-19,1.497,1.497,1.582,0.0
2025-08-20,1.507,1.507,1.592,0.0
2025-08-21,1.516,1.516,1.601,0.0
2025-08-22,1.513,1.513,1.598,0.0
2025-08-25,1.524,1.524,1.609,0.0
2025-08-26,1.523,1.523,1.608,0.0
2025-08-27,1.496,1.496,1.581,0.0
2025-08-28,1.495,1.495,1.58,0.0
2025-08-29,1.497,1.497,1.582,0.0
2025-09-01,1.493,1.493,1.578,0.0
2025-09-02,1.497,1.497,1.582,0.0
2025-09-03,1.483,1.483,1.568,0.0
2025-09-04,1.482,1.482,1.567,0.0
2025-09-05,1.486,1.486,1.571,0.0
2025-09-08,1.5,1.5,1.585,0.0
2025-09-09,1.502,1.502,1.587,0.0
2025-09-10,1.496,1.496,1.581,0.0
2025-09-11,1.503,1.503,1.588,0.0
2025-09-12,1.495,1.495,1.58,0.0
2025-09-15,1.49,1.49,1.575,0.0
2025-09-16,1.491,1.491,1.576,0.0
2025-09-17,1.494,1.494,1.564,0.0
2025-09-18,1.468,1.468,1.538,0.0
2025-09-19,1.479,1.479,1.549,0.0
2025-09-22,1.47,1.47,1.54,0.0
2025-09-23,1.474,1.474,1.544,0.0
2025-09-24,1.478,1.478,1.548,0.0
2025-09-25,1.47,1.47,1.54,0.0
2025-09-26,1.475,1.475,1.545,0.0
2025-09-29,1.484,1.484,1.554,0.0
2025-09-30,1.48,1.48,1.55,0.0
2025-10-09,1.489,1.489,1.559,0.0
2025-10-10,1.505,1.505,1.575,0.0
2025-10-13,1.502,1.502,1.572,0.0
2025-10-14,1.516,1.516,1.586,0.0
2025-10-15,1.523,1.523,1.593,0.0
2025-10-16,1.528,1.528,1.598,0.0
2025-10-17,1.517,1.517,1.587,0.0
2025-10-20,1.529,1.529,1.599,0.0
2025-10-21,1.53,1.53,1.6,0.0
2025-10-22,1.531,1.531,1.601,0.0
2025-10-23,1.543,1.543,1.613,0.0
2025-10-24,1.537,1.537,1.607,0.0
2025-10-27,1.546,1.546,1.616,0.0
2025-10-28,1.537,1.537,1.607,0.0
2025-10-29,1.536,1.536,1.606,0.0
2025-10-30,1.529,1.529,1.599,0.0
2025-10-31,1.529,1.529,1.599,0.0
2025-11-03,1.546,1.546,1.616,0.0
2025-11-04,1.55,1.55,1.62,0.0
2025-11-05,1.558,1.558,1.628,0.0
2025-11-06,1.561,1.561,1.631,0.0
2025-11-07,1.565,1.565,1.635,0.0
2025-11-10,1.576,1.576,1.646,0.0
2025-11-11,1.573,1.573,1.643,0.0
2025-11-12,1.577,1.577,1.647,0.0
2025-11-13,1.578,1.578,1.648,0.0
2025-11-14,1.57,1.57,1.64,0.0
2025-11-17,1.562,1.562,1.632,0.0
2025-11-18,1.54,1.54,1.61,0.0
2025-11-19,1.542,1.542,1.612,0.0
2025-11-20,1.538,1.538,1.608,0.0
2025-11-21,1.513,1.513,1.583,0.0
2025-11-24,1.504,1.504,1.574,0.0
2025-11-25,1.511,1.511,1.581,0.0
2025-11-26,1.505,1.505,1.575,0.0
2025-11-27,1.507,1.507,1.577,0.0
2025-11-28,1.509,1.509,1.579,0.0
2025-12-01,1.519,1.519,1.589,0.0
2025-12-02,1.518,1.518,1.588,0.0
2025-12-03,1.516,1.516,1.586,0.0
2025-12-04,1.511,1.511,1.581,0.0
2025-12-05,1.511,1.511,1.581,0.0
2025-12-08,1.504,1.504,1.574,0.0
2025-12-09,1.49,1.49,1.56,0.0
2025-12-10,1.491,1.491,1.561,0.0
2025-12-11,1.476,1.476,1.546,0.0
2025-12-12,1.477,1.477,1.547,0.0
2025-12-15,1.487,1.487,1.557,0.0
2025-12-16,1.474,1.474,1.544,0.0
2025-12-17,1.478,1.478,1.548,0.0
2025-12-18,1.49,1.49,1.54,0.0
2025-12-19,1.492,1.492,1.542,0.0
2025-12-22,1.485,1.485,1.535,0.0
2025-12-23,1.484,1.484,1.534,0.0
2025-12-24,1.489,1.489,1.539,0.0
2025-12-25,1.494,1.494,1.544,0.0
2025-12-26,1.5,1.5,1.55,0.0
2025-12-29,1.497,1.497,1.547,0.0
2025-12-30,1.497,1.497,1.547,0.0
2025-12-31,1.5,1.5,1.55,0.0
2026-01-05,1.502,1.502,1.552,0.0
2026-01-06,1.519,1.519,1.569,0.0
2026-01-07,1.523,1.523,1.573,0.0
2026-01-08,1.518,1.518,1.568,0.0
2026-01-09,1.522,1.522,1.572,0.0
2026-01-12,1.526,1.526,1.576,0.0
2026-01-13,1.522,1.522,1.572,0.0
2026-01-14,1.513,1.513,1.563,0.0
2026-01-15,1.508,1.508,1.558,0.0
2026-01-16,1.497,1.497,1.547,0.0
2026-01-19,1.507,1.507,1.557,0.0
2026-01-20,1.529,1.529,1.579,0.0
2026-01-21,1.519,1.519,1.569,0.0
2026-01-22,1.53,1.53,1.58,0.0
2026-01-23,1.53,1.53,1.58,0.0
2026-01-26,1.541,1.541,1.591,0.0
2026-01-27,1.53,1.53,1.58,0.0
2026-01-28,1.55,1.55,1.6,0.0
2026-01-29,1.57,1.57,1.62,0.0
2026-01-30,1.555,1.555,1.605,0.0
2026-02-02,1.506,1.506,1.556,0.0
2026-02-03,1.516,1.516,1.566,0.0
2026-02-04,1.559,1.559,1.609,0.0
2026-02-05,1.554,1.554,1.604,0.0
2026-02-06,1.548,1.548,1.598,0.0
2026-02-09,1.557,1.557,1.607,0.0
2026-02-10,1.564,1.564,1.614,0.0
2026-02-11,1.575,1.575,1.625,0.0
2026-02-12,1.571,1.571,1.621,0.0
2026-02-13,1.549,1.549,1.599,0.0
2026-02-24,1.57,1.57,1.62,0.0
2026-02-25,1.579,1.579,1.629,0.0
2026-02-26,1.577,1.577,1.627,0.0
2026-02-27,1.591,1.591,1.641,0.0
2026-03-02,1.613,1.613,1.663,0.0
2026-03-03,1.626,1.626,1.676,0.0
2026-03-04,1.601,1.601,1.651,0.0
2026-03-05,1.599,1.599,1.649,0.0
2026-03-06,1.602,1.602,1.652,0.0
2026-03-09,1.603,1.603,1.653,0.0
2026-03-10,1.591,1.591,1.641,0.0
2026-03-11,1.614,1.614,1.664,0.0
2026-03-12,1.637,1.637,1.687,0.0
2026-03-13,1.626,1.626,1.676,0.0
2026-03-16,1.616,1.616,1.666,0.0
2026-03-17,1.605,1.605,1.655,0.0
2026-03-18,1.594,1.594,1.629,0.0
2026-03-19,1.584,1.584,1.619,0.0
2026-03-20,1.577,1.577,1.612,0.0
2026-03-23,1.539,1.539,1.574,0.0
2026-03-24,1.56,1.56,1.595,0.0
2026-03-25,1.564,1.564,1.599,0.0
2026-03-26,1.565,1.565,1.6,0.0
2026-03-27,1.568,1.568,1.603,0.0
2026-03-30,1.585,1.585,1.62,0.0
2026-03-31,1.567,1.567,1.602,0.0
2026-04-01,1.567,1.567,1.602,0.0
2026-04-02,1.569,1.569,1.604,0.0
2026-04-03,1.545,1.545,1.58,0.0
2026-04-07,1.551,1.551,1.586,0.0
2026-04-08,1.562,1.562,1.597,0.0
2026-04-09,1.552,1.552,1.587,0.0
2026-04-10,1.554,1.554,1.589,0.0
2026-04-13,1.552,1.552,1.587,0.0
2026-04-14,1.556,1.556,1.591,0.0
2026-04-15,1.563,1.563,1.598,0.0
2026-04-16,1.567,1.567,1.602,0.0
2026-04-17,1.556,1.556,1.591,0.0
2026-04-20,1.557,1.557,1.592,0.0
2026-04-21,1.573,1.573,1.608,0.0
2026-04-22,1.571,1.571,1.606,0.0
2026-04-23,1.58,1.58,1.615,0.0
2026-04-24,1.58,1.58,1.615,0.0
2026-04-27,1.576,1.576,1.611,0.0
2026-04-28,1.59,1.59,1.625,0.0
2026-04-29,1.606,1.606,1.641,0.0
2026-04-30,1.601,1.601,1.636,0.0
2026-05-06,1.609,1.609,1.644,0.0
2026-05-07,1.583,1.583,1.618,0.0
2026-05-08,1.578,1.578,1.613,0.0
2026-05-11,1.583,1.583,1.618,0.0
2026-05-12,1.582,1.582,1.617,0.0
2026-05-13,1.574,1.574,1.609,0.0
2026-05-14,1.562,1.562,1.597,0.0
2026-05-15,1.557,1.557,1.592,0.0
2026-05-18,1.549,1.549,1.584,0.0
2026-05-19,1.552,1.552,1.587,0.0
2026-05-20,1.546,1.546,1.581,0.0
2026-05-21,1.526,1.526,1.561,0.0
2026-05-22,1.521,1.521,1.556,0.0
2026-05-25,1.528,1.528,1.563,0.0
2026-05-26,1.53,1.53,1.565,0.0
2026-05-27,1.517,1.517,1.552,0.0
2026-05-28,1.513,1.513,1.548,0.0
2026-05-29,1.536,1.536,1.571,0.0
2026-06-01,1.573,1.573,1.608,0.0
2026-06-02,1.569,1.569,1.604,0.0
2026-06-03,1.571,1.571,1.606,0.0
2026-06-04,1.563,1.563,1.598,0.0
2026-06-05,1.565,1.565,1.6,0.0
2026-06-08,1.549,1.549,1.584,0.0
2026-06-09,1.548,1.548,1.583,0.0
2026-06-10,1.537,1.537,1.572,0.0
2026-06-11,1.532,1.532,1.567,0.0
2026-06-12,1.556,1.556,1.591,0.0
2026-06-15,1.542,1.542,1.577,0.0
2026-06-16,1.516,1.516,1.551,0.0
2026-06-17,1.502,1.502,1.537,0.0
2026-06-18,1.473,1.473,1.488,0.0
2026-06-22,1.488,1.488,1.503,0.0
2026-06-23,1.478,1.478,1.493,0.0
2026-06-24,1.458,1.458,1.473,0.0
2026-06-25,1.44,1.44,1.455,0.0
2026-06-26,1.414,1.414,1.429,0.0
2026-06-29,1.421,1.421,1.436,0.0
2026-06-30,1.395,1.395,1.41,0.0
2026-07-01,1.419,1.419,1.434,0.0
2026-07-02,1.433,1.433,1.448,0.0
2026-07-03,1.449,1.449,1.464,0.0
2026-07-06,1.475,1.475,1.49,0.0
2026-07-07,1.456,1.456,1.471,0.0
2026-07-08,1.465,1.465,1.48,0.0
2026-07-09,1.446,1.446,1.461,0.0
2026-07-10,1.445,1.445,1.46,0.0
2026-07-13,1.452,1.452,1.467,0.0
2026-07-14,1.479,1.479,1.494,0.0
2026-07-15,1.501,1.501,1.516,0.0
2026-07-16,1.486,1.486,1.501,0.0
2026-07-17,1.478,1.478,1.493,0.0
2026-07-20,1.522,1.522,1.537,0.0
2026-07-21,1.509,1.509,1.524,0.0
2026-07-22,1.525,1.525,1.54,0.0
2026-07-23,1.54,1.54,1.555,0.0
2026-07-24,1.516,1.516,1.531,0.0
2026-07-27,1.523,1.523,1.538,0.0
2026-07-28,1.523,1.523,1.538,0.0
2026-07-29,1.546,1.546,1.561,0.0
2026-07-30,1.562,1.562,1.577,0.0
2026-07-31,1.562,1.562,1.577,0.0
2026-08-03,1.556,1.556,1.571,0.0
2026-08-04,1.533,1.533,1.548,0.0
2026-08-05,1.529,1.529,1.544,0.0
2026-08-06,1.548,1.548,1.563,0.0
2026-08-07,1.544,1.544,1.559,0.0
2026-08-10,1.562,1.562,1.577,0.0
2026-08-11,1.554,1.554,1.569,0.0
2026-08-12,1.55,1.55,1.565,0.0
2026-08-13,1.534,1.534,1.549,0.0
2026-08-14,1.54,1.54,1.555,0.0
2026-08-17,1.544,1.544,1.559,0.0
2026-08-18,1.553,1.553,1.568,0.0
2026-08-19,1.559,1.559,1.574,0.0
2026-08-20,1.57,1.57,1.585,0.0
2026-08-21,1.567,1.567,1.582,0.0
2026-08-24,1.587,1.587,1.602,0.0
2026-08-25,1.579,1.579,1.594,0.0
2026-08-26,1.591,1.591,1.606,0.0
2026-08-27,1.595,1.595,1.61,0.0
2026-08-28,1.599,1.599,1.614,0.0
2026-08-31,1.607,1.607,1.622,0.0
2026-09-01,1.605,1.605,1.62,0.0
2026-09-02,1.58,1.58,1.595,0.0
2026-09-03,1.584,1.584,1.599,0.0
2026-09-04,1.589,1.589,1.604,0.0
2026-09-07,1.568,1.568,1.583,0.0
2026-09-08,1.59,1.59,1.605,0.0
2026-09-09,1.606,1.606,1.621,0.0
2026-09-10,1.597,1.597,1.612,0.0
2026-09-11,1.571,1.571,1.586,0.0
2026-09-14,1.566,1.566,1.581,0.0
2026-09-15,1.557,1.557,1.572,0.0
2026-09-16,1.55,1.55,1.55,0.0
2026-09-17,1.541,1.541,1.541,0.0
2026-09-18,1.539,1.539,1.539,0.0
2026-09-21,1.557,1.557,1.557,0.0
2026-09-22,1.556,1.556,1.556,0.0
2026-09-23,1.543,1.543,1.543,0.0
2026-09-24,1.541,1.541,1.541,0.0
