symbol,full_symbol,company_name_zh,name,weight_pct,index_weight_pct,industry_zh,report_company_name
601919,601919.SH,中远海控,"COSCO SHIPPING Holdings Co., Ltd.",2.82,3.204,航运港口,中远海控
000672,000672.SZ,上峰材料,"GANSU SHANGFENG MATERIALS CO., LTD.",2.26,1.229,水泥,上峰材料
603565,603565.SH,中谷物流,"Shanghai Zhonggu Logistics Co., Ltd.",1.98,2.284,航运港口,中谷物流
601699,601699.SH,潞安环能,Shanxi Lu'an Environmental Energy Development Co Ltd,1.93,2.146,煤炭开采,潞安环能
600188,600188.SH,兖矿能源,Yankuang Energy Group Company Limited,1.92,2.26,煤炭开采,兖矿能源
600256,600256.SH,广汇能源,"GUANGHUI ENERGY CO., LTD.",1.88,2.277,煤炭开采,广汇能源
600546,600546.SH,山煤国际,"Shanxi Coal International Energy Group Co., Ltd",1.73,1.993,煤炭开采,山煤国际
600985,600985.SH,淮北矿业,"Huaibei Mining Holdings Co.,Ltd.",1.59,1.87,煤炭开采,淮北矿业
601101,601101.SH,昊华能源,Beijing Haohua Energy Resource Co Ltd,1.5,1.886,煤炭开采,昊华能源
601666,601666.SH,平煤股份,Pingdingshan Tianan Coal Mining Co Ltd,1.45,1.804,煤炭开采,平煤股份
601225,601225.SH,陕西煤业,Shaanxi Coal Industry Company Limited,1.42,1.696,煤炭开采,陕西煤业
601168,601168.SH,西部矿业,Western Mining Co Ltd,1.4,1.801,工业金属,西部矿业
600177,600177.SH,雅戈尔,Youngor Group Co Ltd,1.39,1.306,服装家纺,雅戈尔
000983,000983.SZ,山西焦煤,"Shanxi Coking Coal Energy Group Co.,Ltd.",1.37,1.546,煤炭开采,山西焦煤
600295,600295.SH,鄂尔多斯,"Inner Mongolia Eerduosi Resources Co.,Ltd.",1.36,1.555,冶钢原料,鄂尔多斯
601001,601001.SH,晋控煤业,"Jinneng Holding Shanxi Coal Industry Co.,Ltd",1.35,1.255,煤炭开采,晋控煤业
600350,600350.SH,山东高速,Shandong Hi-speed Company Limited,1.26,1.027,铁路公路,山东高速
002756,002756.SZ,永兴材料,"Yongxing Special Materials Technology Co.,Ltd.",1.24,0.892,能源金属,永兴材料
600919,600919.SH,江苏银行,"Bank of Jiangsu Co., Ltd",1.23,1.223,银行Ⅱ,江苏银行
600348,600348.SH,华阳股份,"Shan Xi Hua Yang Group New Energy Co.,Ltd.",1.21,1.315,煤炭开采,华阳股份
601838,601838.SH,成都银行,"BANK OF CHENGDU CO., LTD.",1.21,1.149,银行Ⅱ,成都银行
000408,000408.SZ,藏格矿业,ZANGGE MINING COMPANY LIMITED,1.18,1.18,农化制品,藏格矿业
000651,000651.SZ,格力电器,"Gree Electric Appliances,Inc. of Zhuhai",1.12,1.025,白色家电,格力电器
600015,600015.SH,华夏银行,Hua Xia Bank Co Ltd,1.12,0.961,银行Ⅱ,华夏银行
600153,600153.SH,建发股份,Xiamen C&D Inc,1.12,1.032,物流,建发股份
601857,601857.SH,中国石油,PetroChina Co Ltd,1.12,1.309,炼化及贸易,中国石油
600398,600398.SH,海澜之家,"Heilan Home Co.,Ltd",1.11,1.117,服装家纺,海澜之家
601077,601077.SH,渝农商行,"Chongqing Rural Commercial Bank Co., Ltd.",1.11,1.096,银行Ⅱ,渝农商行
601000,601000.SH,唐山港,Tangshan Port Group Co Ltd,1.09,1.061,航运港口,唐山港
601229,601229.SH,上海银行,"Bank of Shanghai Co., Ltd.",1.09,1.052,银行Ⅱ,上海银行
000429,000429.SZ,粤高速A,Guangdong Provincial Expressway Development Co Ltd,1.08,0.923,铁路公路,粤高速 A
600901,600901.SH,江苏金租,"Jiangsu Financial Leasing Co.,Ltd.",1.08,1.083,多元金融,江苏金租
601088,601088.SH,中国神华,China Shenhua Energy Co Ltd,1.07,1.18,煤炭开采,中国神华
600039,600039.SH,四川路桥,Sichuan Road&Bridge Co Ltd,1.06,1.091,基础建设,四川路桥
601939,601939.SH,建设银行,China Construction Bank,1.06,1.07,银行Ⅱ,建设银行
601988,601988.SH,中国银行,Bank of China Ltd,1.05,1.061,银行Ⅱ,中国银行
600096,600096.SH,云天化,Yunnan Yuntianhua Co Ltd,1.04,0.95,农化制品,云天化
601169,601169.SH,北京银行,Bank of Beijing Co Ltd,1.04,1.005,银行Ⅱ,北京银行
002867,002867.SZ,周大生,"CHOW TAI SENG JEWELLERY CO., LTD.",1.03,0.884,饰品,周大生
600755,600755.SH,厦门国贸,Xiamen International Trade Group Corp Ltd,1.02,0.944,物流,厦门国贸
600938,600938.SH,中国海油,CNOOC Limited,1.02,1.157,油气开采Ⅱ,中国海油
600012,600012.SH,皖通高速,Anhui Expressway Co Ltd,1.0,0.938,铁路公路,皖通高速
601916,601916.SH,浙商银行,"CHINA ZHESHANG BANK CO.,LTD",1.0,0.971,银行Ⅱ,浙商银行
601963,601963.SH,重庆银行,"BANK OF CHONGQING CO., LTD.",0.99,0.964,银行Ⅱ,重庆银行
002601,002601.SZ,龙佰集团,"LB Group Co., Ltd.",0.98,0.849,化学原料,龙佰集团
000895,000895.SZ,双汇发展,Henan Shuanghui Investment & Development Co Ltd,0.97,0.917,食品加工,双汇发展
600282,600282.SH,南钢股份,Nanjing Iron & Steel Co Ltd,0.97,0.88,普钢,南钢股份
601166,601166.SH,兴业银行,Industrial Bank,0.97,0.906,银行Ⅱ,兴业银行
601187,601187.SH,厦门银行,"Xiamen Bank Co., Ltd.",0.97,0.927,银行Ⅱ,厦门银行
601328,601328.SH,交通银行,Bank of Communications Co LTD,0.97,0.966,银行Ⅱ,交通银行
601398,601398.SH,工商银行,Industrial and Commercial Bank of China Ltd,0.97,0.976,银行Ⅱ,工商银行
601009,601009.SH,南京银行,Bank of Nanjing Co Ltd,0.95,0.992,银行Ⅱ,南京银行
601998,601998.SH,中信银行,China Citic Bank Corporation Limited,0.95,1.074,银行Ⅱ,中信银行
601216,601216.SH,君正集团,"Inner Mongolia Junzheng Energy & Chemical Group Co.,Ltd.",0.93,0.879,化学原料,君正集团
301109,301109.SZ,军信股份,"HUNAN JUNXIN ENVIRONMENTAL PROTECTION CO., LTD.",0.91,0.843,环境治理,军信股份
600461,600461.SH,洪城环境,"JIANGXI HONGCHENG ENVIRONMENT CO., LTD.",0.91,0.79,环境治理,洪城环境
601006,601006.SH,大秦铁路,Daqin Railway Co Ltd,0.91,0.831,铁路公路,大秦铁路
601818,601818.SH,光大银行,China Everbright Bank Co Ltd,0.89,0.812,银行Ⅱ,光大银行
601658,601658.SH,邮储银行,"POSTAL SAVINGS BANK OF CHINA CO., LTD.",0.88,0.831,银行Ⅱ,邮储银行
601997,601997.SH,贵阳银行,"Bank of Guiyang Co.,Ltd.",0.88,0.833,银行Ⅱ,贵阳银行
002043,002043.SZ,兔宝宝,Dehua TB New Decoration Material Co Ltd,0.86,0.863,装修建材,兔宝宝
600036,600036.SH,招商银行,China Merchants Bank Co Ltd,0.86,0.859,银行Ⅱ,招商银行
600737,600737.SH,中粮糖业,"COFCO SUGAR HOLDING CO.,LTD.",0.86,0.942,农产品加工,中粮糖业
601825,601825.SH,沪农商行,"Shanghai Rural Commercial Bank Co.,Ltd.",0.85,0.897,银行Ⅱ,沪农商行
002563,002563.SZ,森马服饰,Zhejiang Semir Garment Co Ltd,0.84,0.868,服装家纺,森马服饰
600016,600016.SH,民生银行,China Minsheng Banking Corp Ltd,0.84,0.819,银行Ⅱ,民生银行
601288,601288.SH,农业银行,Agricultural Bank of China Co Ltd,0.84,0.842,银行Ⅱ,农业银行
600028,600028.SH,中国石化,China Petroleum & Chemical Corporation,0.83,0.898,炼化及贸易,中国石化
600064,600064.SH,南京高科,NANJING GAOKE COMPANY LIMITED,0.81,0.768,房地产开发,南京高科
601098,601098.SH,中南传媒,China South Publishing & Media Group Co Ltd,0.81,0.725,出版,中南传媒
601928,601928.SH,凤凰传媒,Jiangsu Phoenix Publishing & Media Co Ltd,0.8,0.692,出版,凤凰传媒
600273,600273.SH,嘉化能源,"Zhejiang Jiahua Energy Chemical Industry Co.,Ltd.",0.78,0.717,化学制品,嘉化能源
601598,601598.SH,中国外运,Sinotrans Limited,0.78,0.95,物流,中国外运
601668,601668.SH,中国建筑,China State Construction Engineering Co Ltd,0.77,0.678,房屋建设Ⅱ,中国建筑
000933,000933.SZ,神火股份,Henan Shen Huo Coal Industry and Electricity Power Co Ltd,0.76,0.876,工业金属,神火股份
601318,601318.SH,中国平安,Ping An Insurance (Group) Company of China Ltd,0.76,0.783,保险Ⅱ,中国平安
600757,600757.SH,长江传媒,"Changjiang Publishing & Media Co.,Ltd",0.73,0.649,出版,长江传媒
600741,600741.SH,华域汽车,HUAYU Automotive Systems Company Limited,0.72,0.632,汽车零部件,华域汽车
000157,000157.SZ,中联重科,Zoomlion Heavy Industry Science & Technology Co Ltd,0.71,0.6,工程机械,中联重科
002416,002416.SZ,爱施德,Shenzhen Aisidi Co Ltd,0.68,0.638,专业连锁Ⅱ,爱施德
002233,002233.SZ,塔牌集团,Guangdong Tapai Group Co Ltd,0.67,0.615,水泥,塔牌集团
601019,601019.SH,山东出版,"Shandong Publishing&Media Co.,Ltd",0.66,0.63,出版,山东出版
601717,601717.SH,中创智领,ZMJ Group Company Limited,0.66,0.591,专用设备,中创智领
600373,600373.SH,中文传媒,Chinese Universe Publishing And Media Co Ltd,0.65,0.625,出版,中文传媒
600585,600585.SH,海螺水泥,Anhui Conch Cement Co Ltd,0.61,0.566,水泥,海螺水泥
600057,600057.SH,厦门象屿,"Xiamen Xiangyu Co., Ltd.",0.59,0.627,物流,厦门象屿
600729,600729.SH,重百集团,"Chongqing Chongbai Technology Group Co.,Ltd.",0.58,0.529,一般零售,重百集团
002572,002572.SZ,索菲亚,Suofeiya Home Collection Co Ltd,0.57,0.542,家居用品,索菲亚
600971,600971.SH,恒源煤电,Anhui Hengyuan Coal Industry and Electricity Power Co Ltd,0.57,0.666,煤炭开采,恒源煤电
600502,600502.SH,安徽建工,Anhui Construction Engineering Group Corporation Limited,0.49,0.443,基础建设,安徽建工
002154,002154.SZ,报喜鸟,Zhejiang Baoxiniao Garment Co Ltd,0.48,0.483,服装家纺,报喜鸟
603706,603706.SH,东方环宇,"XINJIANG EAST UNIVERSE (GROUP) GAS CO., LTD.",0.47,0.422,燃气Ⅱ,东方环宇
600123,600123.SH,兰花科创,Shanxi Lanhua Science-Tech Venture Co Ltd,0.46,0.557,煤炭开采,兰花科创
002267,002267.SZ,陕天然气,Shaan Xi Provincial Natural Gas Co Ltd,0.45,0.442,燃气Ⅱ,陕天然气
603967,603967.SH,中创物流,"CHINA MASTER LOGISTICS CO., LTD.",0.45,0.45,物流,中创物流
920599,920599.BJ,同力股份,TONLY,0.44,0.424,工程机械,同力股份
000090,000090.SZ,天健集团,"SHENZHEN TAGEN GROUP CO., LTD.",0.42,0.426,房地产开发,天健集团
600997,600997.SH,开滦股份,"Kailuan Energy Chemical Co.,Ltd.",0.42,0.462,焦炭Ⅱ,开滦股份
002737,002737.SZ,葵花药业,"SUNFLOWER PHARMACEUTICAL GROUP Co., Ltd.",0.41,0.387,中药Ⅱ,葵花药业
002540,002540.SZ,亚太科技,Jiangsu Asia-Pacific Light Alloy Technology Co Ltd,0.34,0.338,工业金属,亚太科技
